Accession,Genus,Species,Full_Species,Protein,Gene_Description
AF004169.1,Apis,mellifera,Apis mellifera,MSNDSIHWEARYLPAGPPRLLGWNVPAEELIHIPEHWLVYPEPNPSLHYLLALLYILFTFLALLGNGLVIWIFCAAKSLRTPSNMFVVNLAICDFFMMIKTPIFIYNSFNTGFALGNLGCQIFAVIGSLTGIGAAITNAAIAYDRYSTIARPLDGKLSRGQVILFIVLIWTYTIPWALMPVMGVWGRFVPEGFLTSCSFDYLTDTNEIRIFVATIFTFSYCIPMILIIYYYSQIVSHVVNHEKALREQAKKMNVDSLRSNANTSSQSAEIRIAKAAITICFLYVLSWTPYGVMSMIGAFGNKALLTPGVTMIPACTCKAVACLDPYVYAISHPKYRLELQKRLPWLELQEKPISDSTSTTTETVNTPPASS,"Apis mellifera ultraviolet-sensitive opsin (AMUVOP) mRNA, complete cds"
AF004168.1,Apis,mellifera,Apis mellifera,MLLHNKTLAGKALAFIAEEGYVPSMREKFLGWNVPPEYSDLVHPHWRAFPAPGKHFHIGLAIIYSMLLIMSLVGNCCVIWIFSTSKSLRTPSNMFIVSLAIFDIIMAFEMPMLVISSFMERMIGWEIGCDVYSVFGSISGMGQAMTNAAIAFDRYRTISCPIDGRLNSKQAAVIIAFTWFWVTPFTVLPLLKVWGRYTTEGFLTTCSFDFLTDDEDTKVFVTCIFIWAYVIPLIFIILFYSRLLSSIRNHEKMLREQAKKMNVKSLVSNQDKERSAEVRIAKVAFTIFFLFLLAWTPYATVALIGVYGNRELLTPVSTMLPAVFAKTVSCIDPWIYAINHPRYRQELQKRCKWMGIHEPETTSDATSAQTEKIKTDE,"Apis mellifera blue-sensitive opsin (AMBLOP) mRNA, complete cds"
U70841.1,Apis,mellifera,Apis mellifera,MLLHNKTLAGKALAFIAEEGYVPSMREKFLGWNVPPEYSDLVRPHWRAFPAPGKHFHIGLAIIYSMLLIMSLVGNCCVIWIFSTSKSLRTPSNMFIVSLAIFDIIMAFEMPMLVISSFMERMIGWEIGCDVYSVFGSISGMGQAMTNAAIAFDRYRTISCPIDGRLNSKQAAVIIAFTWFWVTPFTVLPLLKVWGRYTTEGFLTTCSFDFLTDDEDTKVFVTCIFIWAYVIPLIFIILFYSRLLSSIRNHEKMLREQAKKMNVKSLVSNQDKERSAEVRIAKVAFTIFFLFLLAWTPYATVALIGVYGNRELLTPVSTMLPAVFAKTVSCIDPWIYAINHPRYRQELQKRCKWMGIHEPETTSDATSAQTEKIKTDE,"Apis mellifera ultraviolet sensitive opsin (BUVOPS) mRNA, complete cds"
U26026.1,Apis,mellifera,Apis mellifera,MIAVSGPSYEAFSYGGQARFNNQTVVDKVPPDMLHLIDANWYQYPPLNPMWHGILGFVIGMLGFVSAMGNGMVVYIFLSTKSLRTPSNLFVINLAISNFLMMFCMSPPMVINCYYETWVLGPLFCQIYAMLGSLFGCGSIWTMTMIAFDRYNVIVKGLSGKPLSINGALIRIIAIWLFSLGWTIAPMFGWNRYVPEGNMTACGTDYFNRGLLSASYLVCYGIWVYFVPLFLIIYSYWFIIQAVAAHEKNMREQAKKMNVASLRSSENQNTSAECKLAKVALMTISLWFMAWTPYLVINFSGIFNLVKISPLFTIWGSLFAKANAVYNPIVYGISHPKYRAALFAKFPSLACAAEPSSDAVSTTSGTTTVTDNEKSNA,"Apis mellifera long-wavelength rhodopsin mRNA, complete cds"
BK005515.1,Apis,mellifera,Apis mellifera,MDTLNITTSFFIEVMPSNISTLTTTGPQFARQLMRFNNQTVVSKVPEEMLHLIDLYWYQFPPLDPLWHKILGLVMIILGIMGWCGNGVVVYVFIMTPSLRTPSNLLVVNLAFSDFIMMGFMCPPMVICCFYETWVLGSLMCDIYAMVGSLCGCASIWTMTAIALDRYNVIVKGMSGTPLTIKRAMLQILGIWLFGLIWTILPLVGWNRYVPEGNMTACGTDYLSQDWTFKSYILVYSFFVYYTPLFTIIYSYYFIVSAVAAHEKAMKEQAKKMNVTSLRSGDNQNTSAEAKLAKVALTTISLWFMAWTPYLVINYIGIFNRSLITPLFTIWGSLFAKANAIYNPIVYGISHPKYRAALKEKLPFLVCGSTEDQTAATAGDKASEN,"TPA_exp: Apis mellifera long wavelength sensitive opsin 2 gene, complete cds"
BK005514.1,Apis,mellifera,Apis mellifera,MIAVSGPSYEAFSYGGQARFNNQTVVDKVPPDMLHLIDANWYQYPPLNPMWHGILGFVIGMLGFVSVMGNGMVVYIFLSTKSLRTPSNLFVINLAISDFLMMFCMSPPMVINCYYETWVLGPLFCQIYAMLGSLFGCGSIWTMTMIAFDRYNVIVKGLSGKPLSINGALIRIIAIWLFSLGWTIAPMFGWNRYVPEGNMTACGTDYFNRGLLSASYLVCYGIWVYFVPLFLIIYSYWFIIQAVAAHEKNMREQAKKMNVASLRSSENQNTSAECKLAKVALMTISLWFMAWTPYLVINFSGIFNLVKISPLFTIWGSLFAKANAVYNPIVYGISHPKYRAALFAKFPSLACAAEPSSDAVSTTSGTTTVTDNEKSNA,"TPA_exp: Apis mellifera long wavelength sensitive opsin 1 gene, complete cds"
BK005513.1,Apis,mellifera,Apis mellifera,MSNDSIHWEARYLPAGPPRLLGWNVPAEELIHIPEHWLVYPEPNPSLHYLLALLYILFTFLALLGNGLVIWIFCAAKSLRTPSNMFVVNLAICDFFMMIKTPIFIYNSFNTGFALGNLGCQIFAVIGSLTGIGAAITNAAIAYDRYSTIARPLDGKLSRGQVILFIVLIWTYTIPWALMPVMGVWGRFVPEGFLTSCSFDYLTDTNEIRIFVATIFTFSYCIPMILIIYYYSQIVSHVVNHEKALREQAKKMNVDSLRSNANTSSQSAEIRIAKAAITICFLYVLSWTPYGVMSMIGAFGNKALLTPGVTMIPACTCKAVACLDPYVYAISHPKYRLELQKRLPWLELQEKPISDSTSTTTETVNTPPASS,"TPA_exp: Apis mellifera UV-sensitive opsin gene, complete cds"
BK005512.1,Apis,mellifera,Apis mellifera,MLLHNKTLAGKALAFIAEEGYVPSMREKFLGWNVPPEYSDLVHPHWRAFPAPGKHFHIGLAIIYSMLLIMSLVGNCCVIWIFSTSKSLRTPSNMFIVSLAIFDIIMAFEMPMLVISSFMERMIGWEIGCDVYSVFGSISGMGQAMTNAAIAFDRYRTISCPIDGRLNSKQAAVIIAFTWFWVTPFTVLPLLKVWGRYTTEGFLTTCSFDFLTDDEDTKVFVTCIFIWAYVIPLIFIILFYSRLLSSIRNHEKMLREQAKKMNVKSLVSNQDKERSAEVRIAKVAFTIFFLFLLAWTPYATVALIGVYGNRELLTPVSTMLPAVFAKTVSCIDPWIYAINHPRYRQELQKRCKWMGIHEPETTSDATSAQTEKIKTDE,"TPA_exp: Apis mellifera blue-sensitive opsin gene, complete cds"
KT304797.1,Procambarus,clarkii,Procambarus clarkii,MALLDGLTLPGAGMTNDTNLIRPALFRSGEGVAAGGRYEMRMLGWNTPSEYMDYVHPYWKTFQAPNPFLHYMLAVLYIMFMFAALVGNGVVIWVFTSAKNLRTPSNMFIINLAILDFIMMLKTPVFIVNSFNEGPIWGKLGCDTFALMGSYSGVGGAVTNAAIAYDRYKTIAKPFEAKISRGTALMMVVGIWAYASPWALLPLFNIWGRFVPEGFLTTCTFDYMSEDASTRAFVGSIFVFAYIVPGSLVFYFYGQIFVHVRAHEQAMREQAKKMNVANLRSVGSHEDQEKSVEIRIAKVCMGLFFLFLISWTPYAVVALIAAFGDRSKLTPLVSMIPALTCKFVACVDPWVYAINHPRYRLELQKRMPWFCIHEEKPQDTISQSTCETEKA,"Procambarus clarkii short wavelength-sensitive opsin mRNA, complete cds"
KT304796.1,Procambarus,clarkii,Procambarus clarkii,MSSWSNQPAMDDYGLPSSNPYGNFTVVDMAPKDILHMIHPHWYQYPPMNPMMYPLLLIFMLFTGILCLAGNFVTIWVFMNTKSLRTPANLLVVNLAMSDFLMMFTMFPPMMVTCYYHTWTLGPTFCQVYAFLGNLCGCASIWTMVFITFDRYNVIVKGVAGEPLSTKKASLWILTIWVLSITWCIAPFFGWNRYVPEGNLTGCGTDYLSEDILSRSYLYVYSTWVYFLPLAITIYCYVFIIKAVAAHEKGMRDQAKKMGIKSLRNEEAQKTSAECRLAKIAMTTVALWFIAWTPYLLINWVGMFARSYLSPVYTIWGYVFAKANAVYNPIVYAISHPKYRAAMEKKLPCLSCKTESDDVSESASTTTSSAEEKAESA,"Procambarus clarkii long wavelength-sensitive opsin mRNA, complete cds"
OM481474.1,Doryteuthis,pealeii,Doryteuthis pealeii,MGRGDLPDNETWWYNPYMEINSHWKQFDQVPAAVYYSLGIFIGICGIIGCVGNGIVIYLFTKTKSLQTPANMFIINLAFSDFTFSLVNGFPLMTISCFLKYWVFGNAACKVYGLIGGIFGLMSIMTMTMISIDRYNVIGRPMSASKKMSHRKAFIMIIFVWIWSTTWAIGPIFGWGAYSLEGVLCNCSFDYISRDSSTRSNIVCMYLFAFMCPIIVIFFCYFNIVMSVSNHEKEMAAMAKRLNAKELRKAQAGASAEMKLAKISIVIVTQFLLSWSPYAIVALLAQFGPLEWVTPYAAQLPVMFAKASAIHNPMIYSVSHPKFREAIASNFPWILTCCQFDEKEIEDEKDAEAEIPASEQSGGESADAAQMKEMMAMMQKMQAQQAAQPAYPPQGYPPQGYPPPPPQGYPPQGYPPPQGYPPQGYPPPQGPPPQGPPPQAAPPQGVDNQAYQA,"Doryteuthis pealeii rhodopsin mRNA, complete cds"
KR107044.1,Doryteuthis,pealeii,Doryteuthis pealeii,MGRDIPDNETWWYNPYMEINSHWKQFDQVPAAVYYSLGIFIGICGIIGCVGNGIVIYLFTKTKSLQTPANMFIINLAFSDFTFSLVNGFPLMTISCFLKYWVFGNAACKVYGLIGGIFGLMSIMTMTMISIDRYNVIGRPMSASKKMSHRKAFIMIIFVWIWSTTWAIGPIFGWGAYSLEGVLCNCSFDYISRDSSTRSNIVCMYLFAFMCPIIVIFFCYFNIVMSVSNHEKEMAAMAKRLNAKELRKAQAGASAEMKLAKISIVIVTQFLLSWSPYAIVALLAQFGPLEWVTPYAAQLPVMFAKASAIHNPMIYSVSHPKFREAIASNFPWILTCCQFDEKEIEDEKDAEAEIPASEQSGGESADAAQMKEMMAMMQKMQAQQAAQPAYPPQGYPPQGYPPPPPQGYPPQGYPPPQGYPPQGYPPPQGPPPQGPPPQAAPPQGVDNQA,"Doryteuthis pealeii isolate DpRho rhodopsin mRNA, complete cds"
AF414074.2,Vanessa,cardui,Vanessa cardui,MIPVLNMDNKTENYNIYGAYFAPLRSSDGIKMLVDGLEGEDLAAVPEHWFSYAAPPASAHTALALLYCFFTAAALIGNGLVVFIFATTKSLRTSSNLLILNLAIFDFIMMAKAPLFIYNSAMRGFATGALGCQIFAVMGSYSGIGAGMTNACIAYDRHSTITRPLDGRLSRGKALLMIALVWIYATPWSLMPLFKVWGRFVPEGYLTSCTFDYLSNTFDTKLFVACIFVCSYVFPMSFIIYFYSGIVKQVFAHEAALREQAKKMNVESLRSNQNASAESAEIRIAKAALTVCFLFVASWTPYGVMSLIGAFGDQQLLTPGVTMIPAVTCKLVACIDPWVYAISHPKYRQELQRRMPWLQINEPDDNASTGTNNTANSSAPATA,"Vanessa cardui UV-sensitive opsin mRNA, complete cds"
AF414075.2,Vanessa,cardui,Vanessa cardui,MATNYTDDIGPVAYPLKMVTQEVVEHMLGWNIPEDHQDLVHEHWRNFPAVSKYWHYGLAFIYTILMLASVSGNGIVIWIFSTSKSLRSASNMFVINLAVFDLMMMLEMPMLVVNSFYQRLLGYQLGCDIYAVLGSLSGIGGAMTNAIIAFDRYKTISSPLDGRLNRVQASLLILFSWLWALPFTFLPAFRVWGRYVPEGFLTTCSFDYMTDDQDTKIFVMCIFVWSYVIPMTFICCFYSKLFGAVRLHERMLKEQAKKMNVKSLAANKEDSGKSIEIRIAKVAFTIFFLFLYSWTPYAFVTMTGAFGDRGLLTPVATMVPAVCAKIVSCIDPWVYAINHPRYRAELQKRLPWMGVREADPDSVSSASGATAQTQNPTAEA,"Vanessa cardui blue-sensitive opsin mRNA, complete cds"
AF385333.2,Vanessa,cardui,Vanessa cardui,MAITSLDPGAAALQAWGGQMAAFGSNETVVDKVLPDMLHLVDPHWYQFPPMNPLWHGLLGFVIGILGFISITGNGMVIYIFTTTKSLKTPSNILVVNLAFSDFLMMCVMSPPMVVNCYTETWVFGPLACQLYACAGSLFGCASIWTMTMIAFDRYNVIVKGIAAKPLTINGAMLRVLGIWVFSLAWTVAPLFGWGRYVPEGNMTACGTDYLDKSWFNRSYILIYSIFCYFSPLFLIIYSYFFIVQAVAAHEKAMREQAKKMNVASLRSSDAANTSAECKLAKVALMTISLWFMAWTPYLVINYAGIFETATITPLATIWGSVFAKANAVYNPIVYGISHPKYRAALYARFPALACQPSPEDNASVASAATATEEKPSA,"Vanessa cardui long wavelength-sensitive opsin mRNA, complete cds"
D50584.1,Hemigrapsus,sanguineus,Hemigrapsus sanguineus,MTNATGPQMAYYGAASMDFGYPEGVSIVDFVRPEIKPYVHQHWYNYPPVNPMWHYLLGVIYLFLGTVSIFGNGLVIYLFNKSAALRTPANILVVNLALSDLIMLTTNVPFFTYNCFSGGVWMFSPQYCEIYACLGAITGVCSIWLLCMISFDRYNIICNGFNGPKLTTGKAVVFALISWVIAIGCALPPFFGWGNYILEGILDSCSYDYLTQDFNTFSYNIFIFVFDYFLPAAIIVFSYVFIVKAIFAHEAAMRAQAKKMNVSTLRSNEADAQRAEIRIAKTALVNVSLWFICWTPYALISLKGVMGDTSGITPLVSTLPALLAKSCSCYNPFVYAISHPKYRLAITQHLPWFCVHETETKSNDDSQSNSTVAQDKA,"Hemigrapsus sanguineus mRNA for opsin BcRh2, complete cds"
D50583.1,Hemigrapsus,sanguineus,Hemigrapsus sanguineus,MANVTGPQMAFYGSGAATFGYPEGMTVADFVPDRVKHMVLDHWYNYPPVNPMWHYLLGVVYLFLGVISIAGNGLVIYLYMKSQALKTPANMLIVNLALSDLIMLTTNFPPFCYNCFSGGRWMFSGTYCEIYAALGAITGVCSIWTLCMISFDRYNIICNGFNGPKLTQGKATFMCGLAWVISVGWSLPPFFGWGSYTLEGILDSCSYDYFTRDMNTITYNICIFIFDFFLPASVIVFSYVFIVKAIFAHEAAMRAQAKKMNVTNLRSNEAETQRAEIRIAKTALVNVSLWFICWTPYAAITIQGLLGNAEGITPLLTTLPALLAKSCSCYNPFVYAISHPKFRLAITQHLPWFCVHEKDPNDVEENQSSNTQTQEKS,"Hemigrapsus sanguineus mRNA for opsin BcRh1, complete cds"
HM765427.1,Leptuca,pugilator,Leptuca pugilator,MMAAMKVLNATGPQAMAYGSGGYSFGFPEGVSVTDFVPDHIKHMIHPHWEKFPPVNPMWHYLLGVVYLFLGAISLFGNGMVLLLFMKNKNLRSPANYLVANLAIFDFIMMLKTPVFIVNSFNEGPVWGKLGCDVFALMGSYAGIGGAVTNAAIAYDRYKTIAKPFEAKMSRSTAFLMVVGIWAYASPWSLLPLFGIWGRFVPEGFLTTCSFDYLSEDLNTRSFVGAIFVFSYILPGMLIVYFYSQIFSHVKSHEKAMHEQAKKMNVTNLRSNAEANAQSAEVRIAKVAMTNVALWLVCWTPYAAVVVQGLFFNQEDITPIVSMLPALLAKSASVYNPIIYAINHTKFRLALTKQMPGFCIHEEEEKASGADSKSTDTQKA,"Celuca pugilator opsin protein (Rh3) mRNA, complete cds"
HM765426.1,Leptuca,pugilator,Leptuca pugilator,MANTTGPQMAFYGSGSVSFGYPEGVSIVDFVRPEIKPYVHQHWYNYPPVNPMWHYLLGVIYLFLGTVSIIGNGMVIYLFNKSQALRTPANILVVNLALSDLIMLTTNVPFFTYNCFSGGVWMFSPQYCEIYACLGAVTGVCSIWLLCFISFDRYNIICNGFNGPKLTTGKAVAGALLSWIIAVGCALPPFFGWGKYILEGILDSCSYDYLTQDFNTFSYNIFIFVFDYFLPAAVIIFSYVFIVKAIFAHEAAMHEQAKKMNNVSTLRSNEADSQRAEIRIAKTALVNVSLWFICWTPYAAISLQGVMGDTKGITPLISTLPALLAKSASCYNPFVYAISHPKYRLAITQYMPWFCVHEAETKSNDDSQSTSTVAQDKA,"Celuca pugilator opsin protein (Rh2) mRNA, complete cds"
HM765425.1,Leptuca,pugilator,Leptuca pugilator,MANTTGPQMAFYGTGAATFGYPDGMTVVDFVPNQVKHMVLDHWYNYAPVNPMWHYLLGVIYLFLGFVSITGNGLVIYLYMKSPALKTPANMLVVNLALSDLIMLTTNFPPFTYNCFSGGRWMFSATYCQIYAALGAVTGVCSIWTLCMISFDRYNIICNGFNGPKLTQGKATAMCAIAWIISIGWCLPPFFGWGAYTLEGILDSCSYDYLTQDWNTISYNVCIFVFDFFLPAAVIVFSYIFIVKAIFAHEAAMREQAKKMNVTNLRSNEAEAQSAEIRIAKTAIANVSLWFLCWTPYAAITVQGVLGNHEGITPLVTTLPALLAKSCSCYNPFVYAISHPKFRQAITVHMPWFCVHEPEPKTSSDNQSNTTVSNEKA,"Celuca pugilator opsin protein (Rh1) mRNA, complete cds"
KF539459.1,Spodoptera,exigua,Spodoptera exigua,MYNQTENSVYDAHFAPFKSGSPSEVEMLGAGLTGDDLAAVPEHWLSFPAPPASAHTALALLYTFFTAAALLGNGLVIFIFSTTKSLRTSSNLLILQLAILDFIMMAKAPIFIYNSAMRGFATGTVGCQIFALMGAYSGIGAGMTNACIAYDRHSTITRPLDGRLSRGKVLLMMAFVWIYSTPWALLPLFKIWGRYVPEGYLTSCTFDYLTNTFDTKLFVACIFTCSYVFPMSMIIYFYSGIVKQVFAHEAALREQAKKMNVESLRANQSSGAESAEIRIAKAALTVCFLFVASWTPYGVMALIGAFGDQQLLTPGVTMIPAVACKAVACIDPWVYAISHPKYRQELQRRMPWLQIQEPDDTVSTATSNTNAPPAAPA,"Spodoptera exigua UV opsin mRNA, complete cds"
KF539448.1,Spodoptera,exigua,Spodoptera exigua,MSLTLDPGPGIAALQAWGGQVAAYGASNQTVVDKVLPDMLHMVDPHWYQFPPMNPLWHGLLGFTIGVLGFISITGNGMVIYIFMSTKSLKTPSNLLVVNLAFSDFLMMCCMSPAMVVNCYNETWVWGPLACELYACAGSLFGCASIWTMTMIAFDRYNVIVKGIAAKPMTNNGALLRILGIWAFSLAWTLAPFFGWNRYVPEGNMTACGTDYLSKDWFSRSYILIYSVFVYFMPLLLIIYSYFFIVQAVAAHEKGMREQAKKMNVASLRSSEAANTSAECKLAKVALMTISLWFMAWTPYLVINYAGVFESATISPLATIWGSLFAKANAVYNPIVYGISHPKYRAALYQKFPSLSCQASPDESGSVASGATAVSEEKPAA,"Spodoptera exigua long-wavelength opsin mRNA, complete cds"
KF539436.1,Spodoptera,exigua,Spodoptera exigua,MATNFTDDIGPMAYPLKMVSKEVVEHMLGWNIPEEHQDLVHDHWRNFPAVNKYWHYVLALIYTMLMVTSLLGNGIVIWIFGTSKSLRSPSNMFVINLAVFDLMMMLEMPLLIINSFYQRLIGYQLGCDIYAVLGSLSGIGGAITNAVIAFDRYKTISCPLDGRINKVQAAILIAFTWFWAMPFTILPALKIWGRFVPEGFLTTCSFDYFTDDQDTKVFVGCIFVWSYAIPMALICYFYSQLFGAVRLHERMLSDQAKKMNVKSLAANKEDASRSVEIRIAKVAFTIFFLFVCAWTPYAFVTMTGAFGDRSLLTPIATMVPAVCCKVVSCIDPWVYAINHPRYRAELQKRLPWMGVREQDPDSVSTSTSVGTAQSTAQPTAEA,"Spodoptera exigua blue opsin mRNA, complete cds"
KU682724.1,Euphausia,superba,Euphausia superba,MGYWGLNFQIPTPSLQSTNPYGNYTVVDIVTPDMLHRIDPHWYQFPPMNPMWYGILGFVISIALILSLFGNGVVIYVFVTTKNLRTPANFLIVNLAVADFCMMTSVSFPMIVNCVFRTWVLGPFICDIYGMCGSLFGCVAIYSMMFITYDRYNVIVKGITNKPPTYKGSFAKITFSWIWCTGWCIAPILGWNRYVPEGNMTVCGTDYLSKDWLSQSYLYAYGAIVYFCPLLYVLWAYTYIVSSVAAHEKNMRLQAEKMGMKSLRTEESQKMSVEFRLARIALMTVALWFIAWTPYCVINFVGMNAKHYITPLFSVWGSLFSKLNAIYNPIVYAISHPKYRAALYTKMPWLSCSTDEESDVGGDRTTIVTNSSIIPKSTNT,"Euphausia superba opsin 6 mRNA, complete cds"
KU682723.1,Euphausia,superba,Euphausia superba,MNFTEGPMAEAYGSEGGYNMGYPAGVTIIDMVPDHIKHMVHPHWANYPPVNPMWHYLLGMVYVILGFFSFTGNGLVMYLFFNHANLRTPANKLIFNLTFSDFCMMLSQFPWFAYNCFNGGVWSFSPFACELYACLGSITGLCSLWTLAFISFDRYNVIVNGMQATPLSNKGAMARLGFCWGYATMMAVPPFFGWGKYIPEGILDSCSFDYLTRDDIMIRTHGMALIVFNFCIPVTIIAGAYVMIVKAVTAHESAMRAQAAKMNVKDLRGNADANKMSAEVRIAKVAICNVTLWLICWTPYAKIVAQGVFFDQSSITPIASMLPALIAKSASGYNPVVYAINHPRFRLAMTKSFPGFCVHENEPDNASTATEANTTQEEKA,"Euphausia superba opsin 5 mRNA, complete cds"
KU682722.1,Euphausia,superba,Euphausia superba,MAAPGFGYPEGTKITDFVPAEILPLVHEHWYQFPPVNPMWHFLLGCIYIVMGFWSILGNGVVVYLFFKSDTLKTPSNFLVVNLALSDLIMLLTNFPFFAYNCFSGGVWMSSAFYCELYAALGAVTGVCSIWTLAMISADRYNVICNGFNGPKLTKGKAGVMSLTCWAMAIGWAIPPFVGWGKYIPEGILDSCSYDYLTLDTNTRSYNMCIFAFDFFVPLFIIVGSYTFIVKAICAHEAAMRKQAEKMNVKSLRSGDDSAESAEIRIAKTAIFNICLWLCCWTPYALVTLMGVLGRHDNITPLMTMLPALLAKSASCYTPFVYAVGHPKFRQGITIHMPWFCITEDTPKKLAPTDNKSDGDNSTQPGDTAEKA,"Euphausia superba opsin 4 mRNA, complete cds"
KU682721.1,Euphausia,superba,Euphausia superba,MANITGPQAMAYGGGQEFTFGYPEGTSIIDIQPDYMKAIIDPHWAKFPPVNPMWHYVLGLLYIFIVFFAVTGNFLVIWLFNKHAPLRTPSNFLVVNLALSDLIMMTTNCPFFIWNCFHGGVWSMSIEYCSVYAALGAVTGVCSIWTLACISADRFNIICNGFNGPKLTKGKASVMALWCWTLSCTIASLPFFGWGSYGPEGILTSCSFDYISQDIGTITYNLFMFIFNYCCPLLIIVGSYAMIVKAIFAHEEAMRAQAAKMNVKSLRSAEANEQRAEIRIAKTAIFNIALWIICWTPYAAITLQGCVGRFDHLKPLTTTLPALLAKSASCYNPFVYAIGHPRFRQAMTIHMPWFCVHENTPQADNQSAATATEEKA,"Euphausia superba opsin 3 mRNA, complete cds"
KU682720.1,Euphausia,superba,Euphausia superba,MANITGPQAMAYGGGPMEVTFGYPEGTSIIDIQHDYMKPLIDPHWRNFPPVNPMWHNLLGVLYTFIVFFAVTGNSMVVWLFNKHAPLRTPSNFLVVNLALSDLIMMTTNCPFFVYNCFSGGRWSLPAEYCNIYACLGAITGVCSIWTLAMISADRYNIICNGFNGPKLSKGKAAAMSLFAWFMAIGIALCPLIGWGGYGPEGILTSCSFDYLSQDIGTITYNLFMIIFDYFVPLFVIVGSYAMIVKAIFAHEEAMRAQAAKMNVKSLRTQEANEQRAEIRIAKTAIFNIGLWIVCWTPYTVITYHGCIGDFEGLKPLTTTLPALFAKSASCYNPFVYAIGHPKFRQAMTIHMPWFCVHEATKTADNESSTTAATEEKA,"Euphausia superba opsin 2 mRNA, complete cds"
AB902953.1,Schistocerca,gregaria,Schistocerca gregaria,MQLQSSDYSNSTVVGPEARVAPRLLGWNVPAEELIHIPDHWLSYPEPSPLLNYVLGLLYIMFMLVALLGNGLVIWIFSSAKSLRTPSNMFVVNLAICDFLMMLKTPIFIYNSFNTGYALGHLGCQVFAFIGSISGIGAATTNAAIAYDRYRVIARPFDGKLTTGTAVLFVLLIWAYTLPWAIVPLLEIWSRFAPEGYLTSCTFDYLTSSPSNQMFVLTIFVFSYVIPMSLIMFFYSQIVSHVVSHEKSLREQAKKMNVESLRSNTAQNQTSAEIRIAKAAIGICFLFVASWTPYAVMALIGAFGNKALLTPGVTMIPACTCKAVACLDPYVYAISHPRYRVELQKRLPWLCIKENQQSSDTTSTVTATSTGATTTPS,"Schistocerca gregaria LoUV mRNA for UV-sensitive opsin, complete cds"
U32501.1,Cataglyphis,bombycina,Cataglyphis bombycina,MMSIASGPSHAAYTWTAQGGGFGNQTVVDKVPPEMLHLVDAHWYQFPPMNPLWHAILGFVIGILGMISVIGNGMVIYIFTTTKSLRTPSNLLVINLAISDFLMMLSMSPAMVINCYYETWVLGPLVCELYGLTGSLFGCGSIWTMTMIAFDRYNVIVKGLSAKPMTINGALLRILGIWFFSLGWTIAPMFGWNRYVPEGNMTACGTDYLTKDLLSRSYILVYSFFCYFLPLFLIIYSYFFIIQAVAAHEKNMREQAKKMNVASLRSAENQSTSAECKLAKVALMTISLWFMAWTPYLVINYAGIFETVKINPLFTIWGSLFAKANAVYNPIVYGISHPKYRAALFQRFPSLACSSGPAGADTLSTTTTVTEGTEKPAA,"Cataglyphis bombycina rhodopsin mRNA, complete cds"
AF042787.1,Cataglyphis,bombycina,Cataglyphis bombycina,MYTNRSVHWEARILPAGPPRLLGWNVPAEELVHIPEHWLVYPEPNPSLHYLLAILYTLFTFVALLGNGLVIWIFISAKSLRTPSNMFVVNLAFCDFIMMLKAPIFIYNSFNTGFATGHLGCQIFACMGALSGIGASMTNAAIAYDRYSTIARPLDGKLSRGQVILLIALIWTYTIPWALMPLMHVWGRFVPEGFLTSCTFDYLTDTPEIRYFVATIFTFSYCIPMSLIIYYYSQIVSHVVNHEKALREQAKKMNVESLRSNTNTNAQSAEIRIAKAAITICFLFVLSWTPYGTLAMIGAFGNKALLTPGVTMIPACTCKFVACLDPYVYAISHPRYRLELQKRLPWLELQEKPIETQSTTTETVNTASS,"Cataglyphis bombycinus short wavelength-sensitive opsin mRNA, complete cds"
MK983128.1,Manduca,sexta,Manduca sexta,MSTDTCVWNKLFDDNERTALQDGFTAGGLISVILSAWLNLTLLVSNLRHDRSYNNLANFTLAACIRRIVPVMAHLPFIKYIESLYGLQEQFCEFFAFMETFLAVFEVECLTHVCIERYVLAKYTTNGWTIKDNHYTFFLYLCVFFSVLYSYPPLIGLGHYGFDFSCTSCTFDMVLPDVAWQRYIVVIIFALRSIKPVIFMVMMLIWARILETKENSNLEITHRNSTFTRNVIAVTVVNLVCWTPIALIRGWVVFSYLVYIDPLDVISALFIKWAMWIHWISPSMTVVTLLVVDDRLRSHMIYFSTTNDSDKENIKDE,"Manduca sexta unclassified opsin gene, complete cds"
MK983126.1,Manduca,sexta,Manduca sexta,MYVGTEILLFTFITMAQCLNIDFGRHHKTLNNSLIVKHNDMCESGDSVYIKQFKCDGEYQWRRWDLRQWKRRRRMSNFLFNRTDEYREMETSADNEHLNFGYKHVADPIISIFEKRWPIHLWRQYSLFSDDFLLLINTHWLQFPPPRAVLQYSLAITYVVLVTIGCFGNFFVMFMYHRCRTLRTPGNILVANLALSDFMMLAKTPIFIFNSFNLGPALGKPGCVIYGFIGGLTGTTSIATLSAIAMDRYWAVVRPLEPLRALTVIRARLLAVGSWIYACFFAIIPALDIGCGHYVPEGFLTSCSFDYLTEELASRYFIFIFFCAAWLLPFCTISFCYISIFRVVVCNRNITTQNQEQRLSSKHVKERTKRKAEIKLAFLVMAVIVLFFVSWTPYAIVALLGIFGKKDLIKPLTSMIPALFCKTAACINPFIYIITHPTFRKEFKKLLFRDKSKRMRGTMKTIGYSYEAHRAHRLSKDLSETEVEILEMKDIPYQNEIFYNKPTGKLATISSRVTQREDSQRSISMKSLEETVVSPPSWYCKPQFVKKKSFHRSSSRSVVSQNTDPAV,"Manduca sexta Rhodopsin 7 gene, complete cds"
MK983125.1,Manduca,sexta,Manduca sexta,MDPGPGLAALQAWGGQVAAYGAANQTVVDKVPPDMMHMIDPHWYQFPPMNPLWHALLGFTIGVLGFVSISGNGMVIYIFMSTKSLKTPSNLLVVNLAFSDFLMMCAMSPAMVVNCYYETWVWGPFACELYACAGSLFGCASIWTMTMIAFDRYNVIVKGIAAKPMTNNGALLRILGIWVFSLAWTLAPFFGWNRYVPEGNMTACGTDYLSKSWVSRSYILIYSVFVYFLPLLLIIYSYFFIVQAVAAHEKAMREQAKKMNVASLRSSEAANTSAECKLAKVALMTISLWFMAWTPYLVINYTGVFESAPISPLATIWGSLFAKANAVYNPIVYGISHPKYQAALYAKFPSLQCQSAPEDAGSVASGTTAVSEEKPAA,"Manduca sexta Long-wavelength rhodopsin gene, complete cds"
MK983124.1,Manduca,sexta,Manduca sexta,MATNFTQELYEIGPMAYPLKMISKDVAEHMLGWNIPEEHQDLVHDHWRNFPAVSKYWHYVLALIYTMLMVTSLTGNGIVIWIFSTSKSLRSASNMFVINLAVFDLMMMLEMPLLIMNSFYQRLVGYQLGCDVYAVLGSLSGIGGAITNAVIAFDRYKTISSPLDGRINTVQAGLLIAFTWFWALPFTILPAFRIWGRFVPEGFLTTCSFDYFTEDQDTKVFVACIFVWSYCIPMALICYFYSQLFGAVRLHERMLQEQAKKMNVKSLASNKEDNSRSVEIRIAKVAFTIFFLFICAWTPYAFVTMTGAFGDRTLLTPIATMIPAVCCKVVSCIDPWVYAINHPRYRAELQKRLPWMGVREQDPDAVSTTTSVATAGSQPPAAEA,"Manduca sexta Blue rhodopsin gene, complete cds"
MK983123.1,Manduca,sexta,Manduca sexta,MNNQSENYYHGAQFEALKSAGAIEMLGDGLTGDDLAAIPEHWLSYPAPPASAHTALALLYIFFTFAALVGNGMVIFIFSTTKSLRTSSNFLILNLAILDFIMMAKAPIFIYNSAMRGFAVGTVGCQIFALMGAYSGIGAGMTNACIAYDRHSTITRPLDGRLSKGKVLLMVAFVWIYSTPWALLPLLKIWGRYVPEGYLTSCSFDYLTNTFDTKLFVACIFTCSYVFPMSLIIYFYSGIVKQVFAHEAALREQAKKMNVESLRANQGGASESAEIRIAKAALTVCFLFVASWTPYGVMALIGAFGNQQLLTPGVTMIPAVACKAVACIDPWVYAISHPKYRQELQRRMPWLQIDEPDDTVSTATSNTTNSAPPAATA,"Manduca sexta Ultraviolet rhodopsin gene, complete cds"
L78081.1,Manduca,sexta,Manduca sexta,MNNQSENYYHGAQFEALKSAGAIEMLGDGLTGDDLAAIPEHWLSYPAPPASAHTALALLYIFFTFAALVGNGMVIFIFSTTKSLRTSSNFLVLNLAILDFIMMAKAPIFIYNSAMRGFAVGTVGCQIFALMGAYSGIGAGMTNACIAYDRHSTITRPLDGRLSEGKVLLMVAFVWIYSTPWALLPLLKIWGRYVPEGYLTSCSFDYLTNTFDTKLFVACIFTCSYVFPMSLIIYFYSGIVKQVFAHEAALREQAKKMNVESLRANQGGSSESAEIRIAKAALTVCFLFVASWTPYGVMALIGAFGNQQLLTPGVTMIPAVACKAVACISPWVYAIRHPMYRQELQRRMPWLQIDEPDDTVSTATSNTTNSAPPAATA,"Manduca sexta opsin (Manop2) mRNA, complete cds"
L78080.1,Manduca,sexta,Manduca sexta,MDPGPGLAALQAWAAKSPAYGAANQTVVDKVPPDMMHMIDPHWYQFPPMNPLWHALLGFTIGVLGFVSISGNGMVIYIFMSTKSLKTPSNLLVVNLAFSDFLMMCAMSPAMVVNCYYETWVWGPFACELYACAGSLFGCASIWTMTMIAFDRYNVIVKGIAAKPMTSNGALLRILGIWVFSLAWTLLPFFGWNRYVPEGNMTACGTDYLSKSWVSRSYILIYSVFVYFLPLLLIIYSYFFIVQAVAAHEKAMREQAKKMNVASLRSSEAANTSAECKLAKVALMTISLWFMAWTPYLVINYTGVFESAPISPLATIWGSLFAKANAVYNPIVYGISHPKYQAALYAKFPSLQCQSAPEDAGSVASGTTAVSEEKPAA,"Manduca sexta opsin (Manop1) mRNA, complete cds"
AD001674.1,Manduca,sexta,Manduca sexta,MATNFTQELYEIGPMAYPLKMISKDVAEHMLGWNIPEEHQDLVHDHWRNFPAVSKYWHYVLALIYTMLMVTSLTGNGIVIWIFSTSKSLRSASNMFVINLAVFDLMMMLEMPLLIMNSFYQRLVGYQLGCDVYAVLGSLSGIGGAITNAVIAFDRYKTISSPLDGRINTVQAGLLIAFTWFWALPFTILPAFRIWGRFVPEGFLTTCSFDYFTEDQDTEVFVACIFVWSYCIPMALICYFYSQLFGAVRLHERMLQEQAKKMNVKSLASNKEDNSRSVEIRIAKVAFTIFFLFICAWTPYAFVTMTGAFGDRTLLTPIATMIPAVCCKVVSCIDPWVYAINHPRYRAELQKRLPWMGVREQDPDAVSTTTSVATAGFQPPAAEA,"Manduca sexta opsin (Manop3) mRNA, complete cds"
KR107053.1,Sepia,officinalis,Sepia officinalis,MGRDIPDIETWWYNPTMEVHPHWKQFNQVPDAVYYSLGIFIGICGIIGCTGNGIVIYLFTKTKSLQTPANMFIINLAFSDFTFSLVNGFPLMTISCFIKKWVFGMAACKVYGFIGGIFGLMSIMTMSMISIDRYNVIGRPMAASKKMSHRRAFLMIIFVWMWSTLWSIGPIFGWGAYVLEGVLCNCSFDYITRDSATRSNIVCMYIFAFCFPILIIFFCYFNIVMAVSNHEKEMAAMAKRLNAKELRKAQAGASAEMKLAKISIVIVTQFLLSWSPYAVVALLAQFGPIEWVTPYAAQLPVMFAKASAIHNPLIYSVSHPKFREAIAENFPRIISCCQFDEKEVEDDKDAETEIPAAEQSGGETADAAQMKEMMAMMQKMQQQQAAYPPQGAYPPQGGYPPQGYPPPPAQGGYPPQGYPPPPQGYPPAQGYPPQGYPPPQGAPPQGAPPQAAPPQGVDNQAYQA,"Sepia officinalis isolate SoRhoR rhodopsin mRNA, complete cds"
GU906264.1,Sepia,officinalis,Sepia officinalis,MGRDIPDNETWWYNPTMEVHPHWKQFNQVPDAVYYSLGIFIGICGIIGCTGNGIVIYLFTKTKSLQTPANMFIINLAFSDFTFSLVNGFPLMTISCFIKKWVFGMAACKVYGFIGGIFGLMSIMTMSMISIDRYNVIGRPMAASKKMSHRRAFLMIIFVWMWSTLWSIGPIFGWGAYVLEGVLCNCSFDYITRDSATRSNIVCMYIFAFCFPILIIFFCYFNIVMAVSNHEKEMAAMAKRLNAKELRKAQAGASAEMKLAKISIVIVTQFLLSWSPYAVVALLAQFGPIEWVTPYAAQLPVMFAKASAIHNPLIYSVSHPKFREAIAENFPWIISCCQFDEKEVEDDKDAETEIPAAEQSGGETADAAQMKEMMAMMQKMQQQQAAYPPQGAYPPQGGYPPQGYPPPPAQGGYPPQGYPPPPQGYPPAQGYPPQGYPPPQGAPPQGAPPQAAPPRGVDNQAYQA,"Sepia officinalis isolate mvc1 rhodopsin (RHODOPS) mRNA, complete cds"
GU906263.1,Sepia,officinalis,Sepia officinalis,MGRDIPDNETWWYNPTMEVHPHWKQFNQVPDAVYYSLGIFIGICGIIGCTGNGIVIYLFTKTKSLQTPANMFIINLAFSDFTFSLVNGFPLMTISCFIKKWVFGMAACKVYGFIGGIFGLMSIMTMSMISIDRYNVIGRPMAASKKMSHRRAFLMIIFVWMWSTLWSIGPIFGWGAYVLEGVLCNCSFDYITRDSATRSNIVCMYIFAFCFPILIIFFCYFNIVMAVSNHEKEMAAMAKRLNAKELRKAQAGASAEMKLAKISIVIVTQFLLSWSPYAVVALLAQFGPIEWVTPYAAQLPVMFAKASAIHNPLIYSVSHPKFREAIAENFPWIISCCQFDEKEVEDDKDAETEIPAAEQSGGETADAAQMKEMMAMMQKMQQQQAAYPPQGAYPPQGGYPPQGYPPPPAQGGNPPQGYPPPPQGYPPAQGYPPQGYPPPQGAPPQGAPPQAAPPQGVDNQAYQA,"Sepia officinalis isolate mvc2 rhodopsin (RHODOPS) mRNA, complete cds"
GU906262.1,Sepia,officinalis,Sepia officinalis,MGRDIPDNETWWYNPTMEVHPHWKQFNQVPDAVYYSLGIFIGICGIIGCTGNGIVIYLFTKTKSLQTPANMFIINLAFSDFTFSLVNGFPLMTISCFIKKWVFGMAACKVYGFIGGIFGLMSIMTMSMISIDRYNVIGRPMAASKKMSHRRAFLMIIFVWMWSTLWSIGPIFGWGAYVLEGVLCNCSFDYITRDSATRSNIVCMYIFAFCFPILIIFFCYFNIVMAVSNHEKEMAAMAKRLNAKELRKAQAGASAEMKLAKISIVIVTQFLLSWSPYAVVALLAQFGPIEWVTPYAAQLPVMFAKASAIHNPLIYSVSHPKFREAIAENFPWIISCCQFDEKEVEDDKDAETEIPAAEQSGGETADAAQMKEMMAMMQKMQQQQAAYPPQGAYPPQGGYPPQGYPPPPAQGGYPPQGYPPPPQGYPPAQGYPPQGYPPPQGAPPQGAPPQAAPPQGVDNQAYQA,"Sepia officinalis rhodopsin (RHODOPS) mRNA, complete cds"
AF000947.1,Sepia,officinalis,Sepia officinalis,MGRDIPDNETWWYNPTMEVHPHWKQFNQVPDAVYYSLGIFIGICGIIGCTGNGIVIYLFTKTKSLQTPANMFIINLAFSDFTFSLVNGFPLMTISCFIKKWVFGMAACKVYGFIGGIFGLMSIMTMSMISIDRYNVIGRPMAASKKMSHRRAFLMIIFVWMWSTLWSIGPIFGWGAYVLEGVLCNCSFDYITRDSATRSNIVCMYIFAFCFPILIIFFCYFNIVMAVSNHEKEMAAMAKRLNAKELRKAQAGASAEMKLAKISIVIVTQFLLSWSPYAVVALLAQFGPIEWVTPYAAQLPVMFAKASAIHNPLIYSVSHPKFREAIAENFPWIITCCQFDEKEVEDDKDAETEIPATEQSGGESADAAQMKEMMAMMQKMQQQQAAYPPQGAYPPQGGYPPQGYPPPPAQGGYPPQGYPPPPQGYPPAQGYPPQGYPPPQGAPPQGAPPQAAPPQGVDNQAYQA,"Sepia officinalis rhodopsin (RHODOPS) mRNA, complete cds"
AY918895.2,Bicyclus,anynana,Bicyclus anynana,MAITSMDPGPGIAALQAWGGHAAAYGSNETVVDKVLPDMLHLVDPHWYQFPPMNPLWHGLLGFVIGVLGFVSITGNGMVVYIFTTTKSLKTPSNILVINLAFSDFLMMLVMSPPMVVNCYNETWVFGPLACQLYACAGSLFGCTSIWTMTMIAFDRYNVIVKGIAGKPLTINGALLRVFAIWLFSLAWTIAPLFGWGRYVPEGNMTACGTDYFDKSWQNRSYILFYSIFCYYSPLLLICYSYFFIIQAVAAHEKAMREQAKKMNVASLRSSENANTSAECKLAKVALMTISLWFMAWTPYLVINYAGIFETMTISPLVTIWGSVFAKANAVYNPIVYGISHPKYRAALYARFPGLACQAAAEDNGSVASAATATEEKPSA,"Bicyclus anynana long wavelength sensitive opsin (LWRh) mRNA, complete cds"
U32502.1,Camponotus,atriceps,Camponotus atriceps,MMSIASGPSHAAYTWASQGGGFGNQTVVDKVPPEMLHMVDAHWYQFPPMNPLWHALLGFVIGVLGVISVIGNGMVIYIFTTTKSLRTPSNLLVVNLAISDFLMMLCMSPAMVINCYYETWVLGPLFCELYGLAGSLFGCASIWTMTMIAFDRYNVIVKGLSAKPMTINGALIRILTIWFFTLAWTIAPMFGWNRYVPEGNMTACGTDYLTKDLFSRSYILIYSIFVYFTPLFLIIYSYFFIIQAVAAHEKNMREQAKKMNVASLRSAENQSTSAECKLAKVALMTISLWFMAWTPYLVINYSGIFETTKISPLFTIWGSLFAKANAVYNPIVYGISHPKYRAALFQKFPSLACTTEPTGADTMSTTTTVTEGNEKPAA,"Camponotus abdominalis rhodopsin mRNA, complete cds"
AF042788.1,Camponotus,atriceps,Camponotus atriceps,MYNGSFHWEARILPAGPPRLLGWNVPAEELVHIPEHXLVYPEPNPSLHYLLAIVYILFTFVALFGNGLVIWIFCSAKSLRTPSNLFVVNLAFCDFMMMLKAPIFIYNSFHTGFATGHLGCQIFACMGSLSGIGAGMTNAAIAYDRYSTIARPLDGKLSRGQVLLLIMLIWTYTIPWALMPLMQVWGRFVPEGFLTSCSFDYLTDSQEIRYFVPTIFTFSYCVPMLLIIYYYSQIVGHVVSHEKALREQAKKMNVESLRSNVNTNAQSAEIRIAKAAITICFLFVLSWTPYGALAMIGAFGNRALLTPGITMIPACACKFVACLDPYVYAISHPRYRLELQKRLPWLELQEKPVADTQSTTTEMVHTPAS,"Camponotus abdominalis short wavelength-sensitive opsin mRNA, complete cds"
MF035711.1,Heliconius,sara,Heliconius sara,MENETQNSNVYGAYFAPLRSGDGVKMLVDGLSSAELEFIPEHWLSYPAPPASAHTALALMYCFFTAAALIGNGLVIYIFATTKSLRTSSNLLILNLAIFDFIMMAKAPIFIYNSAMRGFAIGSLGCQIFALVGSYSGIGAAMTNLCIAYDRHSTITRPLDGRLSRGKALLLIAFVWIYTTPWSLLPLFRIWGRFVPEGYLTACSFDYLTNTFDTKLFTGCIFIFTYAIPLLLIMYYYSGIVRQVFAHEAALREQAKKMNVESLRSNQNASAESAEIRIAKAALTVCFLYVASWTPYGIMSLIGAFGDQQLLSPGVTMIPAIACKGVACIDPWVYAISHPKYRQELQRRMPWLQIREPDDNVSTGTNNTTNSAAPAATA,"Heliconius sara isolate HSA504UVRh2 opsin (UVRh2) mRNA, complete cds"
MF035710.1,Heliconius,sara,Heliconius sara,MKNETQNYNVYGAYFAPLRSSDGVKMLVDGLDSADLAVIPEHWLSYTSPPASAHTALALLYIFFTAAALIGNGLVIFIFATSKSLRTSSNLLILNLAIFDFIMMAKAPIFIYNSAMRGFATGALGCQIFSVMGAYSGIGASMTNACIAYDRHSTITRPLDGRLSRGKALLMIACVWIYATPWALMPLFNVWGRFVPEGYLTSCTFDYLSNSFDTKLFVVCIFTCSCLFPMCFIIYFYSGIVKQVFAHEAALREQAKKMNVESLRSNQNASAESAEIRIAKAALTVCFLFVASWTPYGVMSLIGAFGDQQLLTPGVTMIPAVACKTVACIDPWVYAISHPKYRQELQRRMPWLQIREPDDNASTGTSNTINSTAPATSA,"Heliconius sara isolate HSA504UVRh1 opsin (UVRh1) mRNA, complete cds"
MF035709.1,Heliconius,sara,Heliconius sara,MATNYTDDIGPVAYPLKMVSQEVVEHMLGWNIPEEHQGLVHEHWRNFPAVSKYAHFILALIYTCLILASVSGNGIVIWIFSTSKSLRSASNMFVINLAVFDMMMMLEMPLLVLNSFYQRLVGYQLGCDIFAVLGSLSGIGGAITNAVIAYDRYKTISSPLDGRLNRVQASLLILFTWLWALPFTILPAFRIWGRFVPEGFLTTCSFDYITEDQDTKVFVMCIFAWSYCIPMLLICYFYSKLFGAVRLHERMLKEQAKKMNVKSLAANKEDAGKSVEIRIAKVAFTIFFLFVCSWTPYAFVTMTGAFGDRGLLTPVATMIPAVCAKIVSCIDPWVYAINHPRYRAELQKRVPWMGVREADPDSVSTSSGATAQTQNPAAEA,"Heliconius sara isolate HSA504BRh opsin (BRh) mRNA, complete cds"
MF035708.1,Heliconius,sara,Heliconius sara,MAITSLDPGPGAAALQAWGGQMAAFGSNETVVDKVLPEMLHLIDPHWHQFPPMNPLWHGLLGFVIGVLGFISVTGNGMVVYIFTTTKSLKTPSNILVVNLAFSDFLMMFMMAPPMVINCYNETWVFGPLACQLYACAGSLYGCVSIWTMTMIAFDRYNVIVKGIAAKPMTINGALLRVFGIWAFSLAWTIAPLFGWGRYVPEGNMTACGTDYFDQSFSNRSYILLYSIACYYAPLFLIIYSYFFIVQAVAAHEKAMREQAKKMNVASLRSSDAANTSAECKLAKVALMTISLWFMAWTPYLVINYAGIFKTMTISPIVTIWGSVFAKANAVYNPIVYGISHPKYRAALYARFPGLSCQSAPEDNGSVASAATATEEKPSA,"Heliconius sara isolate HSA504LWRh opsin (LWRh) mRNA, complete cds"
MF035707.1,Heliconius,sara,Heliconius sara,MENETQNSNVYGAYFAPLRSGDGVKMLVDGLSSAELEFIPEHWLSYPAPPASAHTALALMYCFFTAAALIGNGLVIYIFATTKSLRTSSNLLILNLAIFDFIMMAKAPIFIYNSAMRGFAIGSLGCQIFALVGSYSGIGAAMTNLCIAYDRHSTITRPLDGRLSRGKALLLIAFVWIYTTPWSLLPLFRIWGRFVPEGYLTACSFDYLTNTFDTKLFTGCIFIFTYAIPLLLIMYYYSGIVRQVFAHEAALREQAKKMNVESLRSNQNASAESAEIRIAKAALTVCFLYVASWTPYGIMSLIGAFGDQQLLSPGVTMIPAIACKGVACIDPWVYAISHPKYRQELQRRMPWLQIREPDDNVSTGTNNTTNSAAPAATA,"Heliconius sara isolate HSA502UVRh2 opsin (UVRh2) mRNA, complete cds"
MF035706.1,Heliconius,sara,Heliconius sara,MKNETQNYNVYGAYFAPLRSSDGVKMLVDGLDSADLAVIPEHWLSYTSPPASAHTALALLYIFFTAAALIGNGLVIFIFATSKSLRTSSNLLILNLAIFDFIMMAKAPIFIYNSAMRGFATGALGCQIFSVMGAYSGIGASMTNACIAYDRHSTITRPLDGRLSRGKALLMIACVWIYATPWALMPLFNVWGRFVPEGYLTSCTFDYLSNSFDTKLFVVCIFTCSCLFPMCFIIYFYSGIVKQVFAHEAALREQAKKMNVESLRSNQNASAESAEIRIAKAALTVCFLFVASWTPYGVMSLIGAFGDQQLLTPGVTMIPAVACKTVACIDPWVYAISHPKYRQELQRRMPWLQIREPDDNASTGTSNTINSTAPAASA,"Heliconius sara isolate HSA502UVRh1 opsin (UVRh1) mRNA, complete cds"
MF035705.1,Heliconius,sara,Heliconius sara,MATNYTDDIGPVAYPLKMVSQEVVEHMLGWNIPEEHQGLVHEHWRNFPAVSKYAHFILALIYTCLILASVSGNGIVIWIFSTSKSLRSASNMFVINLAVFDMMMMLEMPLLVLNSFYQRLVGYQLGCDIFAVLGSLSGIGGAITNAVIAYDRYKTISSPLDGRLNRVQASLLILFTWLWALPFTILPAFRIWGRFVPEGFLTTCSFDYITEDQDTKVFVMCIFAWSYCIPMLLICYFYSKLFGAVRLHERMLKEQAKKMNVKSLAANKEDAGKSVEIRIAKVAFTIFFLFVCSWTPYAFVTMTGAFGDRGLLTPVATMIPAVCAKIVSCIDPWVYAINHPRYRAELQKRVPWMGVREADPDSVSTSSGATAQTQNPTAEA,"Heliconius sara isolate HSA502BRh opsin (BRh) mRNA, complete cds"
MF035704.1,Heliconius,sara,Heliconius sara,MAITSLDPGPGAAALQAWGGQMAAFGSNETVVDKVLPEMLHLIDPHWHQFPPMNPLWHGLLGFVIGVLGFISVTGNGMVVYIFTTTKSLKTPSNILVVNLAFSDFLMMFMMAPPMVINCYNETWVFGPLACQLYACAGSLYGCVSIWTMTMIAFDRYNVIVKGIAAKPMTINGALLRVFGIWAFSLAWTIAPLFGWGRYVPEGNMTACGTDYFDQSFSNRSYILLYSIACYYAPLFLIIYSYFFIVQAVAAHEKAMREQAKKMNVASLRSSDAANTSAECKLAKVALMTISLWFMAWTPYLVINYAGIFKTMTISPIVTIWGSVFAKANAVYNPIVYGISHPKYRAALYARFPGLSCQSAPEDNGSVASAATATEEKPSA,"Heliconius sara isolate HSA502LWRh opsin (LWRh) mRNA, complete cds"
MF035703.1,Heliconius,sara,Heliconius sara,MENETQNSNVYGAYFAPLRSGDGVKMLVDGLSSAELEFIPEHWLSYPAPPASAHTALALMYCFFTAAALIGNGLVIYIFATTKSLRTSSNLLILNLAIFDFIMMAKAPIFIYNSAMRGFAIGSLGCQIFALVGSYSGIGAAMTNLCIAYDRHSTITRPLDGRLSRGKALLLIAFVWIYTTPWSLLPLFRIWGRFVPEGYLTACSFDYLTNTFDTKLFTGCIFIFTYAIPLLLIMYYYSGIVRQVFAHEAALREQAKKMNVESLRSNQNASAESAEIRIAKAALTVCFLYVASWTPYGIMSLIGAFGDQQLLSPGVTMIPAIACKGVACIDPWVYAISHPKYRQELQRRMPWLQIREPDDNVSTGTNNTTNSAAPAATA,"Heliconius sara isolate HSA370UVRh2 opsin (UVRh2) mRNA, complete cds"
MF035702.1,Heliconius,sara,Heliconius sara,MATNYTDDIGPVAYPLKMVSQEVVEHMLGWNIPEEHQGLVHEHWRNFPAVSKYAHFILALIYTCLILASVSGNGIVIWIFSTSKSLRSASNMFVINLAVFDMMMMLEMPLLVLNSFYQRLVGYQLGCDIFAVLGSLSGIGGAITNAVIAYDRYKTISSPLDGRLNRVQASLLILFTWLWALPFTILPAFRIWGRFVPEGFLTTCSFDYITEDQDTKVFVMCIFAWSYCIPMLLICYFYSKLFGAVRLHERMLKEQAKKMNVKSLAANKEDAGKSVEIRIAKVAFTIFFLFVCSWTPYAFVTMTGAFGDRGLLTPVATMIPAVCAKIVSCIDPWVYAINHPRYRAELQKRVPWMGVREADPDSVSTSSGATAQTQNPAAEA,"Heliconius sara isolate HSA370BRh opsin (BRh) mRNA, complete cds"
MF035701.1,Heliconius,sara,Heliconius sara,MAITSLDPGPGAAALQAWGGQMAAFGSNETVVDKVLPEMLHLIDPHWHQFPPMNPLWHGLLGFVIGVLGFISVTGNGMVVYIFTTTKSLKTPSNILVVNLAFSDFLMMFMMAPPMVINCYNETWVFGPLACQLYACAGSLYGCVSIWTMTMIAFDRYNVIVKGIAAKPMTINGALLRVFGIWAFSLAWTIAPLFGWGRYVPEGNMTACGTDYFDQSFSNRSYILLYSIACYYAPLFLIIYSYFFIVQAVAAHEKAMREQAKKMNVASLRSSDAANTSAECKLAKVALMTISLWFMAWTPYLVINYAGIFKTMTISPIVTIWGSVFAKANAVYNPIVYGISHPKYRAALYARFPGLSCQSAPEDNGSVASAATATEEKPSA,"Heliconius sara isolate HSA370LWRh opsin (LWRh) mRNA, complete cds"
MF035700.1,Heliconius,sara,Heliconius sara,MENETQNSNVYGAYFAPLRSGDGVKMLVDGLSSAELEFIPEHWLSYPAPPASAHTALALMYCFFTAAALIGNGLVIYIFATTKSLRTSSNLLILNLAIFDFIMMAKAPIFIYNSAMRGFAIGSLGCQIFALVGSYSGIGAAMTNLCIAYDRHSTITRPLDGRLSRGKALLLIAFVWIYTTPWSLLPLFRIWGRFVPEGYLTACSFDYLTNTFDTKLFTGCIFIFTYAIPLLLIMYYYSGIVRQVFAHEAALREQAKKMNVESLRSNQNASAESAEIRIAKAALTVCFLYVASWTPYGIMSLIGAFGDQQLLSPGVTMIPAIACKGVACIDPWVYAISHPKYRQELQRRMPWLQIREPDDNVSTGTNNTTNSAAPAATA,"Heliconius sara isolate HSA137UVRh2 opsin (UVRh2) mRNA, complete cds"
MF035699.1,Heliconius,sara,Heliconius sara,MATNYTDDIGPVAYPLKMVSQEVVEHMLGWNIPEEHQGLVHEHWRNFPAVSKYAHFILALIYTCLILASVSGNGIVIWIFSTSKSLRSASNMFVINLAVFDMMMMLEMPLLVLNSFYQRLVGYQLGCDIFAVLGSLSGIGGAITNAVIAYDRYKTISSPLDGRLNRVQASLLILFTWLWALPFTILPAFRIWGRFVPEGFLTTCSFDYITEDQDTKVFVMCIFAWSYCIPMLLICYFYSKLFGAVRLHERMLKEQAKKMNVKSLAANKEDAGKSVEIRIAKVAFTIFFLFVCSWTPYAFVTMTGAFGDRGLLTPVATMIPAVCAKIVSCIDPWVYAINHPRYRAELQKRVPWMGVREADPDSVSTSSGATAQTQNPAAEA,"Heliconius sara isolate HSA137BRh opsin (BRh) mRNA, complete cds"
MF035698.1,Heliconius,sara,Heliconius sara,MAITSLDPGPGAAALQAWGGQMAAFGSNETVVDKVLPEMLHLIDPHWHQFPPMNPLWHGLLGFVIGVLGFISVTGNGMVVYIFTTTKSLKTPSNILVVNLAFSDFLMMFMMAPPMVINCYNETWVFGPLACQLYACAGSLYGCVSIWTMTMIAFDRYNVIVKGIAAKPMTINGALLRVFGIWAFSLAWTIAPLFGWGRYVPEGNMTACGTDYFDQSFSNRSYILLYSIACYYAPLFLIIYSYFFIVQAVAAHEKAMREQAKKMNVASLRSSDAANTSAECKLAKVALMTISLWFMAWTPYLVINYAGIFKTMTISPIVTIWGSVFAKANAVYNPIVYGISHPKYRAALYARFPGLFCQSAPEDNGSVASAATATEEKPSA,"Heliconius sara isolate HSA137LWRh opsin (LWRh) mRNA, complete cds"
MF035695.1,Heliconius,sara,Heliconius sara,MATNYTDDIGPVAYPLKMVSQEVVEHMLGWNIPEEHQGLVHEHWRNFPAVSKYAHFILALIYTCLILASVSGNGIVIWIFSTSKSLRSASNMFVINLAVFDMMMMLEMPLLVLNSFYQRLVGYQLGCDIFAVLGSLSGIGGAITNAVIAYDRYKTISSPLDGRLNRVQASLLILFTWLWALPFTILPAFRIWGRFVPEGFLTTCSFDYITEDQDTKVFVMCIFAWSYCIPMLLICYFYSKLFGAVRLHERMLKEQAKKMNVKSLAANKEDAGKSVEIRIAKVAFTIFFLFVCSWTPYAFVTMTGAFGDRGLLTPVATMIPAVCAKIVSCIDPWVYAINHPRYRAELQKRVPWMGVREADPDSVSTSSGATAQTQNPAAEA,"Heliconius sara isolate HSA133BRh opsin (BRh) mRNA, complete cds"
MF035694.1,Heliconius,sara,Heliconius sara,MAITSLDPGPGAAALQAWGGQMAAFGSNETVVDKVLPEMLHLIDPHWHQFPPMNPLWHGLLGFVIGVLGFISVTGNGMVVYIFTTTKSLKTPSNILVVNLAFSDFLMMFMMAPPMVINCYNETWVFGPLACQLYACAGSLYGCVSIWTMTMIAFDRYNVIVKGIAAKPMTINGALLRVFGIWAFSLAWTIAPLFGWGRYVPEGNMTACGTDYFDQSFSNRSYILLYSIACYYAPLFLIIYSYFFIVQAVAAHEKAMREQAKKMNVASLRSSDAANTSAECKLAKVALMTISLWFMAWTPYLVINYAGIFKTMTISPIVTIWGSVFAKANAVYNPIVYGISHPKYRAALYARFPGLSCQSAPEDNGSVASAATATEEKPSA,"Heliconius sara isolate HSA133LWRh opsin (LWRh) mRNA, complete cds"
MF035693.1,Heliconius,sara,Heliconius sara,MENETQNSNVYGAYFAPLRSGDGVKMLVDGLSSAELEFIPEHWLSYPAPPASAHTALALMYCFFTAAALIGNGLVIYIFATTKSLRTSSNLLILNLAIFDFIMMAKAPIFIYNSAMRGFAIGSLGCQIFALVGSYSGIGAAMTNLCIAYDRHSTITRPLDGRLSRGKALLLIAFVWIYTTPWSLLPLFRIWGRFVPEGYLTACSFDYLTNTFDTKLFTGCIFIFTYAIPLLLIMYYYSGIVRQVFAHEAALREQAKKMNVESLRSNQNASAESAEIRIAKAALTVCFLYVASWTPYGIMSLIGAFGDQQLLSPGVTMIPAIACKGVACIDPWVYAISHPKYRQELQRRMPWLQIREPDDNVSTGTNNTTNSAAPAATA,"Heliconius sara isolate HSA130UVRh2 opsin (UVRh2) mRNA, complete cds"
MF035692.1,Heliconius,sara,Heliconius sara,MATNYTDDIGPVAYPLKMVSQEVVEHMLGWNIPEEHQGLVHEHWRNFPAVSKYAHFILALIYTCLILASVSGNGIVIWIFSTSKSLRSASNMFVINLAVFDMMMMLEMPLLVLNSFYQRLVGYQLGCDIFAVLGSLSGIGGAITNAVIAYDRYKTISSPLDGRLNRVQASLLILFTWLWALPFTILPAFRIWGRFVPEGFLTTCSFDYITEDQDTKVFVMCIFAWSYCIPMLLICYFYSKLFGAVRLHERMLKEQAKKMNVKSLAANKEDAGKSVEIRIAKVAFTIFFLFVCSWTPYAFVTMTGAFGDRGLLTPVATMIPAVCAKIVSCIDPWVYAINHPRYRAELQKRVPWMGVREADPDSVSTSSGATAQTQNPAAEA,"Heliconius sara isolate HSA130BRh opsin (BRh) mRNA, complete cds"
MF035691.1,Heliconius,sara,Heliconius sara,MAITSLDPGPGAAALQAWGGQMAAFGSNETVVDKVLPEMLHLIDPHWHQFPPMNPLWHGLLGFVIGVLGFISVTGNGMVVYIFTTTKSLKTPSNILVVNLAFSDFLMMFMMAPPMVINCYNETWVFGPLACQLYACAGSLYGCVSIWTMTMIAFDRYNVIVKGIAAKPMTINGALLRVFGIWAFSLAWTIAPLFGWGRYVPEGNMTACGTDYFDQSFSNRSYILLYSIACYYAPLFLIIYSYFFIVQAVAAHEKAMREQAKKMNVASLRSSDAANTSAECKLAKVALMTISLWFMAWTPYLVINYAGIFKTMTISPIVTIWGSVFAKANAVYNPIVYGISHPKYRAALYARFPGLSCQSAPEDNGSVASAATATEEKPSA,"Heliconius sara isolate HSA130LWRh opsin (LWRh) mRNA, complete cds"
MF035690.1,Heliconius,sara,Heliconius sara,MENETQNSNVYGAYFAPLRSGDGVKMLVDGLSSAELEFIPEHWLSYPAPPASAHTALALMYCFFTAAALIGNGLVIYIFATTKSLRTSSNLLILNLAIFDFIMMAKAPIFIYNSAMRGFAIGSLGCQIFALVGSYSGIGAAMTNLCIAYDRHSTITRPLDGRLSRGKALLLIAFVWIYTTPWSLLPLFRIWGRFVPEGYLTACSFDYLTNTFDTKLFTGCIFIFTYAIPLLLIMYYYSGIVRQVFAHEAALREQAKKMNVESLRSNQNASAESAEIRIAKAALTVCFLYVASWTPYGIMSLIGAFGDQQLLSPGVTMIPAIACKGVACIDPWVYAISHPKYRQELQRRMPWLQIREPDDNVSTGTNNTTNSAAPAATA,"Heliconius sara isolate HSA6UVRh2 opsin (UVRh2) mRNA, complete cds"
MF035689.1,Heliconius,sara,Heliconius sara,MKNETQNYNVYGAYFAPLRSSDGVKMLVDGLDSADLAVIPEHWLSYTSPPASAHTALALLYIFFTAAALIGNGLVIFIFATSKSLRTSSNLLILNLAIFDFIMMAKAPIFIYNSAMRGFATGALGCQIFSVMGAYSGIGASMTNACIAYDRHSTITRPLDGRLSRGKALLMIACVWIYATPWALMPLFNVWGRFVPXGYLTSCTFDYLSNSFDTKLFVVCIFTCSCLFPMCFIIYFYSGIVKQVFAHEAALREQAKKMNVESLRSNQNASAESAEIRIAKAALTVCFLFVASWTPYGVMSLIGAFGDQQLLSPGVTMIPAIACKGVACIDPWVYAISHPKYRQELQRRMPWLQIREPDDNVSTGTNNTTNSAAPARLV,"Heliconius sara isolate HSA6UVRh1 opsin (UVRh1) mRNA, complete cds"
MF035688.1,Heliconius,sara,Heliconius sara,MATNYTDDIGPVAYPLKMVSQEVVEHMLGWNIPEEHQGLVHEHWRNFPAVSKYAHFILALIYTCLILASVSGNGIVIWIFSTSKSLRSASNMFVINLAVFDMMMMLEMPLLVLNSFYQRLVGYQLGCDIFAVLGSLSGIGGAITNAVIAYDRYKTISSPLDGRLNRVQASLLILFTWLWALPFTILPAFRIWGRFVPEGFLTTCSFDYITEDQDTKVFVMCIFAWSYCIPMLLICYFYSKLFGAVRLHERMLKEQAKKMNVKSLAANKEDAGKSVEIRIAKVAFTIFFLFVCSWTPYAFVTMTGAFGDRGLLTPVATMIPAVCAKIVSCIDPWVYAINHPRYRAELQKRVPWMGVREADPDSVSTSSGATAQTQNPTAEA,"Heliconius sara isolate HSA6BRh opsin (BRh) mRNA, complete cds"
MF035687.1,Heliconius,sara,Heliconius sara,MAITSLDPGPGAAALQAWGGQMAAFGSNETVVDKVLPEMLHLIDPHWHQFPPMNPLWHGLLGFVIGVLGFISVTGNGMVVYIFTTTKSLKTPSNILVVNLAFSDFLMMFMMAPPMVINCYNETWVFGPLACQLYACAGSLYGCVSIWTMTMIAFDRYNVIVKGIAAKPMTINGALLRVFGIWAFSLAWTIAPLFGWGRYVPEGNMTACGTDYFDQSFSNRSYILLYSIACYYAPLFLIIYSYFFIVQAVAAHEKAMREQAKKMNVASLRSSDAANTSAECKLAKVALMTISLWFMAWTPYLVINYAGIFKTMTISPIVTIWGSVFAKANAVYNPIVYGISHPKYRAALYARFPGLSCQSAPEDNGSVASAATATEEKPSA,"Heliconius sara isolate HSA6LWRh opsin (LWRh) mRNA, complete cds"
OP066279.1,Gonodactylaceus,falcatus,Gonodactylaceus falcatus,MTRLDAITALPADMLANLTLGSDEGSPLARFERDAFASRYEVKMLGWNTPPEYMDHVSPYWKTFEAPNPFLHYMLGVFYIFFMFAALTGNGVVIWVFSSAKSLRTPSNMFVINLAVLDFIMMVKTPIFIINSFNEGPIWGKTGCDVFALLGNYSGIGGAMTNAAIAYDRYKTIAKPFEGKMTHGKALIIVLGTWLYASPWCILPLLDIWGRYVPEGFLTTCSMDYLTDDENTRSFVACIFFFAYIVPGSFIIYFYSQIFSHVSAHEKAMKEQAKKMNVDNLRTVGTKEDQEKSAEIRIAKVCMGLFFMWFSAWTPYAIVALIGTFGNRSLLTPLMSMIPALCCKSIACIDPWIYAINHPKYRLELQKRMPWFCIHEPKPEENQTQTSATTEKA,"Gonodactylaceus falcatus clone UVS_contig3_Gf UVS opsin mRNA, complete cds"
AB208675.1,Pieris,rapae,Pieris rapae,MFDTVNATADGGAIAYAFKMVSSEVQENMLGFNIPPEHQDLVHEHWRNFPAVDKFWHYMLALIYTMLMVSSLCGNGIVVWIFSTSKSLRSASNMFIVNLALFDLVMMIEMPHLIMNSFFQKMLGYQLGCDIYATLGSVSGIGAAITNAVIAYDRYKTISCPIDGRINKVQAIILIVFTWFWTLPFTILPLTRVWGKFVPEGFLTTCSFDSFTDDSDTRVFVACIFVWSYVIPMVLICFFYSKLFSAVRLHEKMLREQAKKMNVKSLASNKDDAGKSVEIRIAKVAFTIFFLFVCAWTPYAVVTMIGTFGDRNLLTPHVTMIPAVFAKSVSCIDPWVYAINHPRYRAELEKRLPWMGIREPSAETQSTNASTATQSASADA,"Pieris rapae PrB mRNA for opsin, complete cds"
AB208674.1,Pieris,rapae,Pieris rapae,MELNYTAGDPIAFPFKMVSGEVQQHMLGWNIPAEHQGLVHEHWRQFPAVDKFSHYLLALIYFILMIFSVTGNSLVIWIFSTSKSLRSASNMFIVNLAIFDLTMMLEMPHLIVNSFYQTIIGNQMGCDIYAVFGALSGIGGAITNAVIAYDRYKTISCPIDGRINKVQASILIAVTWMWALPFTILPWTRVWGQYTTEGFLTTCSFDFLSEDQDTKAFVACIFCWSYVIPMTLICTFYSKLFVAVRHHERMLKEQAKKMNVKSLASNKEDAGKSVEIRIAKVAFTIFFLFICSWTPYGVVTMIGAFGDRSLLTPVVTMIPAVFCKAVSCIDPWVYAINHPRFRAELERRVPWMGVREPDPDATSTNASTSTTPADA,"Pieris rapae PrV mRNA for opsin, complete cds"
AB208673.1,Pieris,rapae,Pieris rapae,MIPTQDMDNRTEYYNIYGAYFAPLRSGGEKMLGEGLTGEDLEMIPEHWFKYPEPPASAHTALCLLYCFFTAAALIGNGMVIFIFASTKSLRTASNLLILNLAIFDFIMMLKAPIFIYNSAMKGFAAGAMWCQIFAVMGSYSGIGAGMTNACIAYDRHSTITRPLDGRLSRGKVLLMIAFIWIYTTPWSLMPLFRVWGRFVPEGFLTSCTFDYLTTTFDNKLFVACIFVCSYVFPMSCIIYFYSGIVKQVFAHEAALREQAKKMNVESLRSNQNAAAESAEIRIAKAALTVCFLFVTSWTPYGVMSLIGAFGDQNLLTPGVTMIPAITCKAVACIDPWVYAISHPKYRQELQRRMPWLQINEPDDNTSTTSNTTTNSAAPA,"Pieris rapae PrUV mRNA for opsin, complete cds"
AB177984.1,Pieris,rapae,Pieris rapae,MAITNLDPAPGVAAMQSFGIHAEAFGSNQTVIDKVLPEMMHLIDPHWYQFPPLNPLWHALLGFTISVLAFISITGNGMVVYIFTTTKSLKTPSNLLVVNLAFSDFLMMAMMAPPLVVNSYNETWVFGPTACQFYACFGSLFGCVSIWTMTAIAFDRYNVIVKGIAAKPMTINSALLRILGVWLFSLAWTLAPIFGWSRYVPEGNMTACGTDYLSKDWASRSYIILYAIACYFLPLFLIVYSYWFIVQAVAAHERAMREQAKKMNVASLRSSEQANTSAECKLAKVALMTISLWFMAWTPYLVINFAGVFETSPISPLSTIWGSVFAKANAVYNPIVYGISHPKYRAALYQRFPALACQPSPAEETGSVASAATACTEEKPSA,"Pieris rapae PrL mRNA for opsin, complete cds"
AB188567.1,Pieris,rapae,Pieris rapae,MAITNLDPAPGVAAMQSFGIHAEAFGSNQTVIDKVLPEMMHLIDPHWYQFPPLNPLWHALLGFTISVLAFISITGNGMVVYIFTTTKSLKTPSNLLVVNLAFSDFLMMAMMAPPLVVNSYNETWVFGPTACQFYACFGSLFGCVSIWTMTAIAFDRYNVIVKGIAAKPMTINSALLRILGVWLFSLAWTLAPIFGWSRYVPEGNMTACGTDYLSKDWASRSYIILYAIACYFLPLFLIVYSYWFIVQAVAAHERAMREQAKKMNVASLRSSEQANTSAECKLAKVALMTISLWFMAWTPYLVINFAGVFETSPISPLSTIWGSVFAKANAVYNPIVYGISHPKYRAALYQRFPALACQPSPAEETGSVASAATACTEEKPSA,"Pieris rapae PrL mRNA for opsin, complete cds"
MF035588.1,Heliconius,erato,Heliconius erato,MENETQNSNAYGAYFAPLRSGDGVKMLVDGLSSAELEFIPEHWLTYPAPPASAHTALALMYCFFTAAALIGNGLVIYIFATTKSLRTSSNLLILNLAIFDFIMMAKAPIFIYNSAMRGFAIGSLGCQIFALVGSYSGIGAAMTNLCIAYDRHSTITRPLDGRLSRGKALLLIALVWIYTTPWSLLPLFRIWGRFVPEGYLTACSFDYLTNTFDTKLFTACIFICAYAIPLTLIMYFYSGIVKQVFAHEAALREQAKKMNVESLRSNQNASAESAEIRIAKAALTVCFLYVASWTPYGIMSLIGAFGDQKLLSPGVTMIPAIACKGVACIDPWVYAISHPKYRQELQRRMPWLQIREPDDNASTGTNNTTNSAAPAATA,"Heliconius erato cyrbia isolate AB236UVRh2 opsin (UVRh2) mRNA, complete cds"
MF035587.1,Heliconius,erato,Heliconius erato,MENETQNYNVYGAYFAPLRSSDGVKMLVDGLDSVDLAVIPEHWLSYTSPPASAHTALALLYSFFTAAALIGNGLVIFIFATSRSLRTSSNLLILNLAIFDFIMMAKAPIFIYNSAMRGFATGALGCQIFSVMGSYSGIGASMTNACIAYDRHSTITRPLDGRLSRGKALLMIACVWIYATPWALMPLFNVWGRFVPEGYLTSCTFDYLSNTFDTKLFVGCIFTCSYLFPMCFIVYFYSGIVKQVFAHEAALREQAKKMNVESLRSNQNASAESAEIRIAKAALTVCFLFVASWTPYGVMSLIGAFGDQQLLTPGVTMIPVVACKTVACIDPWVYAISHPKYRQELQRRMPWLQIREPDDNASTGTNNTTNSTAPAASA,"Heliconius erato cyrbia isolate AB236UVRh1 opsin (UVRh1) mRNA, complete cds"
MF035586.1,Heliconius,erato,Heliconius erato,MATNYTDDIGPMAYPLKMVSQEVVEHMLGWNIPEEHQGLVHEHWRNFPSVSKYAHFVLALIYTCLILASLSGNGIVIWIFSTSKSLRSASNMFVINLAVFDMMMMLEMPLLVLNSFYQRLVGYQLGCDIYGVLGSLSGIGGAITNAVIAYDRYKTISSPLDGRLNRVQASLLILFTWLWALPFTILPAFRIWGRFVPEGFLTTCSFDYFTEDQDTKVFVMCIFAWSYCIPMLLICYFYSKLFGAVRLHERMLKEQAKKMNVKSLAANKEDAGKSVEIRIAKVAFTIFFLFVCSWTPYAFVTMTGAFGDRSLLTPVATMIPAVCAKIVSCIDPWVYAINHPRYRAELQKRVPWMGVREADPDSVSTSSGATAQTQNPTAEA,"Heliconius erato cyrbia isolate AB236BRh opsin (BRh) mRNA, complete cds"
MF035585.1,Heliconius,erato,Heliconius erato,MAITSLDPGPGAAALQAWGGQMAAFGSNETVVDKVLPDMLHLIDPHWHQFPPMNPLWHGLLGFVIGVLGFISVTGNGMVVYIFTTTKTLKTPSNILVVNLAFSDFLMMFMMAPPMVINCYNETWVFGPLACQLYACAGSLYGCVSIWTMTMIAFDRYNVIVKGIAAKPMTINGALLRVFGIWAFSLAWTIAPLFGWGRYVPEGNMTACGTDYFDQSFSNRSYILLYSIACYYAPLFLIIYSYFFIVQAVAAHEKAMREQAKKMNVASLRSSDAANTSAECKLAKVALMTISLWFMAWTPYLVINYAGIFKTMTISPIVTIWGSVFAKANAVYNPIVYGISHPKYRAALYARFPGLACQSAPEDNGSVASAATATEEKPSA,"Heliconius erato cyrbia isolate AB236LWRh opsin (LWRh) mRNA, complete cds"
MF035584.1,Heliconius,erato,Heliconius erato,MENETQNSNVYGAYFAPLRSGDGVKMLVDGLSSAELEFIPEHWLTYPAPPASAHTALALMYCFFTAAALIGNGLVIYIFATTKSLRTSSNLLILNLAIFDFIMMAKAPIFIYNSAMRGFAIGSLGCQIFALVGSYSGIGAAMTNLCIAYDRHSTITRPLDGRLSRGKALLLIALVWIYTTPWSLLPLFRIWGRFVPEGYLTACSFDYLTNTFDTKLFTACIFICAYAIPLTLIMYFYSGIVKQVFAHEAALREQAKKMNVESLRSNQNASAESAEIRIAKAALTVCFLYVASWTPYGIMSLIGAFGDQKLLSPGVTMIPAIACKGVACIDPWVYAISHPKYRQELQRRMPWLQIREPDDNASTGTNNTTNSAAPAATA,"Heliconius erato cyrbia isolate AB218UVRh2 opsin (UVRh) mRNA, complete cds"
MF035583.1,Heliconius,erato,Heliconius erato,MENETQNYNVYGAYFAPLRSSDGVKMLVDGLDSVDLAVIPEHWLSYTSPPASAHTALALLYSFFTAAALIGNGLVIFIFATSRSLRTSSNLLILNLAIFDFIMMAKAPIFIYNSAMRGFATGALGCQIFSVMGSYSGIGASMTNACIAYDRHSTITRPLDGRLSRGKALLMIACVWIYATPWALMPLFNVWGRFVPEGYLTSCTFDYLSNTFDTKLFVGCIFTCSYLFPMCFIVYFYSGIVKQVFAHEAALREQAKKMNVESLRSNQNASAESAEIRIAKAALTVCFLFVASWTPYGVMSLIGAFGDQQLLTPGVTMIPVVACKTVACIDPWVYAISHPKYRQELQRRMPWLQIREPDDNASTGTNNTTNSTAPAASA,"Heliconius erato cyrbia isolate AB218UVRh1 opsin (UVRh1) mRNA, complete cds"
MF035582.1,Heliconius,erato,Heliconius erato,MATNYTDDIGPMAYPLKMVSQEVVEHMLGWNIPEEHQGLVHEHWRNFPSVSKYAHFVLALIYTCLILASLSGNGIVIWIFSTSKSLRSASNMFVINLAVFDMMMMLEMPLLVLNSFYQRLVGYQLGCDIYGVLGSLSGIGGAITNAVIAYDRYKTISSPLDGRLNRVQASLLILFTWLWALPFTILPAFRIWGRFVPEGFLTTCSFDYFTEDQDTKVFVMCIFAWSYCIPMLLICYFYSKLFGAVRLHERMLKEQAKKMNVKSLAANKEDAGKSVEIRIAKVAFTIFFLFVCSWTPYAFVTMTGAFGDRSLLTPVATMIPAVCAKIVSCIDPWVYAINHPRYRAELQKRVPWMGVREADPDSVSTSSGATAQTQNPTAEA,"Heliconius erato cyrbia isolate AB218BRh opsin (BRh) mRNA, complete cds"
MF035581.1,Heliconius,erato,Heliconius erato,MAITSLDPGPGAAALQAWGGQMAAFGSNETVVDKVLPDMLHLIDPHWHQFPPMNPLWHGLLGFVIGVLGFISVTGNGMVVYIFTTTKTLKTPSNILVVNLAFSDFLMMFMMAPPMVINCYNETWVFGPLACQLYACAGSLYGCVSIWTMTMIAFDRYNVIVKGIAAKPMTINGALLRVFGIWAFSLAWTIAPLFGWGRYVPEGNMTACGTDYFDQSFSNRSYILLYSIACYYAPLFLIIYSYFFIVQAVAAHEKAMREQAKKMNVASLRSSDAANTSAECKLAKVALMTISLWFMAWTPYLVINYAGIFKTMTISPIVTIWGSVFAKANAVYNPIVYGISHPKYRAALYARFPGLACQSAPEDNGSVASAATATEEKPSA,"Heliconius erato cyrbia isolate AB218LWRh opsin (LWRh) mRNA, complete cds"
MF035580.1,Heliconius,erato,Heliconius erato,MENETQNSNVYGAYFAPLRSGDGVKMLVDGLSSAELEFIPEHWLTYPAPPASAHTALALMYCFFTAAALIGNGLVIYIFATTKSLRTSSNLLILNLAIFDFIMMAKAPIFIYNSAMRGFAIGSLGCQIFALVGSYSGIGAAMTNLCIAYDRHSTITRPLDGRLSRGKALLLIAFVWIYTTPWSLLPLFRIWGRFVPEGYLTACSFDYLTNTFDTKLFTGCIFIFTYAIPLILIMYYYSGIVKQVFAHEAALREQAKKMNVESLRSNQNASAESAEIRIAKAALTVCFLYVASWTPYGIMSLIGAFGDQQLLSPGVTMIPAIACKGVACIDPWVYAISHPKYRQELQRRMPWLQIREPDDNVSTGTNNTTNSAAPAATA,"Heliconius erato petiverana isolate HER200UVRh2 opsin (UVRh2) mRNA, complete cds"
MF035579.1,Heliconius,erato,Heliconius erato,MENETQNYNVYGAFFAPLRSSDGVKMLVDGLDSVDLAVIPEHWLSYTSPPASAHTALALLYSFFTAAALIGNGLVIFIFATSRSLRTSSNLLILNLAIFDFIMMAKAPIFIYNSAMRGFATGALGCQIFSVMGSYSGIGASMTNACIAYDRHSTITRPLDGRLSRGKALLMIACVWIYATPWALMPLFNVWGRFVPEGYLTSCTFDYLSNTFDTKLFVGCIFTCSYLFPMCFIIYFYSGIVKQVFAHEAALREQAKKMNVESLRSNQNASAESAEIRIAKAALTVCFLFVASWTPYGVMSLIGAFGDQQLLTPGVTMIPAVACKTVACIDPWVYAISHPKYRQELQRRMPWLQIREPDDNASTGTNNTTNSTAPAASA,"Heliconius erato petiverana isolate HER200UVRh1 opsin (UVRh1) mRNA, complete cds"
MF035578.1,Heliconius,erato,Heliconius erato,MATNYTDDIGPMAYPLKMVSQEVVEHMLGWNIPEEHQGLVHEHWRNFPSVSKYAHFVLALIYTCLILASLSGNGIVIWIFSTSKSLRSASNMFVINLAVFDMMMMLEMPLLVLNSFYQRLVGYQLGCDIYGVLGSLSGIGGAITNAVIAYDRYKTISSPLDGRLNRVQASLLILFTWLWALPFTILPAFRIWGRFVPEGFLTTCSFDYFTEDQDTKVFVMCIFTWSYCIPMLLICYFYSKLFGAVRLHERMLKEQAKKMNVKSLAANKEDAGKSVEIRIAKVAFTIFFLFVCSWTPYAFVTMTGAFGDRSILTPVATMIPAVCAKIVSCIDPWVYAINHPRYRAELQKRLPWMGVREADPDSVSTSSGATAQTQNPTAEA,"Heliconius erato petiverana isolate HER200BRh opsin (BRh) mRNA, complete cds"
MF035577.1,Heliconius,erato,Heliconius erato,MAITSLDPGPGAAALQAWGGQMAAFGSNETVVDKVLPDMLHLIDPHWHQFPPMNPLWHGLLGFVIGVLGFISVTGNGMVVYIFTTTKTLKTPSNILVVNLAFSDFLMMFMMAPPMVINCYNETWVFGPLACQLYACAGSLYGCVSIWTMTMIAFDRYNVIVKGIAAKPMTINGALLRVFGIWAFSLAWTIAPLFGWGRYVPEGNMTACGTDYFDQSFSNRSYILLYSIACYYAPLFLIIYSYFFIVQAVAAHEKAMREQAKKMNVASLRSSDAANTSAECKLAKVALMTISLWFMAWTPYLVINYAGIFKTMTISPIVTIWGSVFAKANAVYNPIVYGISHPKYRAALYARFPGLACQSAPEDNGSVASAATATEEKPSA,"Heliconius erato petiverana isolate HER200LWRh opsin (LWRh) mRNA, complete cds"
MF035576.1,Heliconius,erato,Heliconius erato,MENETQNSNVYGAYFAPLRSGDGVKMLVDGLSSAELEFIPEHWLTYPAPPASAHTALALMYCFFTAAALIGNGLVIYIFATTKSLRTSSNLLILNLAIFDFIMMAKAPIFIYNSAMRGFAIGSLGCQIFALVGSYSGIGAAMTNLCIAYDRHSTITRPLDGRLSRGKALLLIAFVWIYTTPWSLLPLFRIWGRFVPEGYLTACSFDYLTNTFDTKLFTGCIFIFTYAIPLILIMYYYSGIVKQVFAHEAALREQAKKMNVESLRSNQNASAESAEIRIAKAALTVCFLYVASWTPYGIMSLIGAFGDQQLLSPGVTMIPAIACKGVACIDPWVYAISHPKYRQELQRRMPWLQIREPDDNVSTGTNNTTNSAAPAATA,"Heliconius erato petiverana isolate HER14UVRh2 opsin (UVRh2) mRNA, complete cds"
MF035575.1,Heliconius,erato,Heliconius erato,MATNYTDDIGPMAYPLKMVSQEVVEHMLGWNIPEEHQSLVHEHWRNFPSVSKYAHFVLALIYTCLILASLSGNGIVIWIFSTSKSLRSASNMFVINLAVFDMMMMLEMPLLVLNSFYQRLVGYQLGCDIYGVLGSLSGIGGAITNAVIAYDRYKTISSPLDGRLNRVQASLLILFTWLWALPFTILPAFRIWGRFVPEGFLTTCSFDYFTEDQDTKVFVMCIFTWSYCIPMLLICYFYSKLFGAVRLHERMLKEQAKKMNVKSLAANKEDAGKSVEIRIAKVAFTIFFLFVCSWTPYAFVTMTGAFGDRSILTPVATMIPAVCAKIVSCIDPWVYAINHPRYRAELQKRLPWMGVREADPDSVSTSSGATAQTQNPTAEA,"Heliconius erato petiverana isolate HER14BRh opsin (BRh) mRNA, complete cds"
MF035574.1,Heliconius,erato,Heliconius erato,MAITSLDPGPGAAALQAWGGQMAAFGSNETVVDKVLPDMLHLIDPHWHQFPPMNPLWHGLLGFVIGVLGFISVTGNGMVVYIFTTTKTLKTPSNILVVNLAFSDFLMMFMMAPPMVINCYNETWVFGPLACQLYACAGSLYGCVSIWTMTMIAFDRYNVIVKGIAAKPMTINGALLRVFGIWAFSLAWTIAPLFGWGRYVPEGNMTACGTDYFDQSFSNRSYILLYSIACYYAPLFLIIYSYFFIVQAVAAHEKAMREQAKKMNVASLRSSDAANTSAECKLAKVALMTISLWFMAWTPYLVINYAGIFKTMTISPIVTIWGSVFAKANAVYNPIVYGISHPKYRAALYARFPGLACQSAPEDNGSVASAATATEEKPSA,"Heliconius erato petiverana isolate HER14LWRh opsin (LWRh) mRNA, complete cds"
