	Lambda_Max	Species	Opsin_Family	Phylum	Class	Accession	Mutations
Bovine	500.0000	Bos_tarus	Rh1	Chordata	Mammalia	NM_001014890
S1	502.00000	Neoniphon_sammara	Rh1	Chordata	Actinopteri	U57536.1	
S2	502.00000	Neoniphon_argenteus	Rh1	Chordata	Actinopteri	U57540.1	
S3	481.00000	Neoniphon_aurolineatus	Rh1	Chordata	Actinopteri	U57541.1	
S4	494.00000	Sargocentron_punctatissimum	Rh1	Chordata	Actinopteri	U57543.1	
S5	494.00000	Sargocentron_microstoma	Rh1	Chordata	Actinopteri	U57542.1	
S6	491.00000	Sargocentron_diadema	Rh1	Chordata	Actinopteri	U57537.1	
S7	486.00000	Sargocentron_xantherythrum	Rh1	Chordata	Actinopteri	U57546.1	
S8	490.00000	Sargocentron_spiniferum	Rh1	Chordata	Actinopteri	U57544.1	
S9	490.00000	Sargocentron_tiere	Rh1	Chordata	Actinopteri	U57545.1	
S10	499.00000	Myripristis_violacea	Rh1	Chordata	Actinopteri	U57539.1	
S11	493.00000	Myripristis_berndti	Rh1	Chordata	Actinopteri	U57538.1	
S12	498.00000	Altolamprologus_calvus	Rh1	Chordata	Actinopteri	AB458132.1	
S13	495.00000	Aulonocara_sp.	Rh1	Chordata	Actinopteri	AB185214.1	
S14	499.00000	Altolamprologus_calvus	Rh1	Chordata	Actinopteri	AB084924.1	
S15	492.00000	Baileychromis_centropomoides	Rh1	Chordata	Actinopteri	AB185217.1	
S16	501.00000	Bathybates_fasciatus	Rh1	Chordata	Actinopteri	AB185218.1	
S17	488.00000	Benthochromis_tricoti	Rh1	Chordata	Actinopteri	AB084927.1	
S18	487.00000	Cyphotilapia_frontosa	Rh1	Chordata	Actinopteri	AB084929.1	
S19	498.00000	Cyprichromis_leptosoma	Rh1	Chordata	Actinopteri	AB084930.1	
S20	502.00000	Dimidiochromis_compressiceps	Rh1	Chordata	Actinopteri	AB084931.1	
S21	500.00000	Diplotaxodon_macrops	Rh1	Chordata	Actinopteri	AB185220.1	
S22	497.00000	Gnathochromis_permaxillaris	Rh1	Chordata	Actinopteri	AB084932.1	
S23	488.00000	Greenwoodochromis_bellcrossi	Rh1	Chordata	Actinopteri	AB185221.1	
S24	501.00000	Haplochromis_sp.	Rh1	Chordata	Actinopteri	AB084933.1	
S25	504.00000	Haplotaxodon_microlepis	Rh1	Chordata	Actinopteri	AB458142.1	
S26	496.00000	Hemibates_stenosoma	Rh1	Chordata	Actinopteri	AB185222.1	
S27	500.00000	Labidochromis_caeruleus	Rh1	Chordata	Actinopteri	AB084934.1	
S28	498.00000	Limnochromis_staneri	Rh1	Chordata	Actinopteri	AB185225.1	
S29	505.00000	Oreochromis_niloticus	Rh1	Chordata	Actinopteri	AB084938.1	
S30	500.00000	Pallidochromis_tokolosh	Rh1	Chordata	Actinopteri	AB185229.1	
S31	490.00000	Perissodus_elaviae	Rh1	Chordata	Actinopteri	AB185230.1	
S32	498.00000	Pseudotropheus_sp.	Rh1	Chordata	Actinopteri	GQ422475.1	
S33	502.00000	Spathodus_erythrodon	Rh1	Chordata	Actinopteri	AB084941.1	
S34	484.00000	Trematocara_unimaculatum	Rh1	Chordata	Actinopteri	AB185238.1	
S35	488.00000	Trematocara_macrostoma	Rh1	Chordata	Actinopteri	AB084945.1	
S36	501.00000	Tropheus_duboisi	Rh1	Chordata	Actinopteri	AB084946.1	
S37	488.00000	Xenotilapia_nigrolabiata	Rh1	Chordata	Actinopteri	AB458130.1	
S38	491.00000	Xenotilapia_caudafasciata	Rh1	Chordata	Actinopteri	AB458131.1	
S39	503.00000	Xenotilapia_ochrogenys	Rh1	Chordata	Actinopteri	AB084947.1	
S40	497.90000	Tachyglossus_aculeatus	Rh1	Chordata	Mammalia	JX103830	
S41	503.80000	Tachyglossus_aculeatus	Rh1	Chordata	Mammalia	JX103830_N83D	N83D
S42	498.00000	Tachyglossus_aculeatus	Rh1	Chordata	Mammalia	JX103830_T158A	T158A
S43	499.40000	Tachyglossus_aculeatus	Rh1	Chordata	Mammalia	JX103830_F169A	F169A
S44	501.50000	Bos_taurus	Rh1	Chordata	Mammalia	NM_001014890_D83G	D83G
S45	491.50000	Bos_taurus	Rh1	Chordata	Mammalia	NM_001014890_D83N	D83N
S46	494.50000	Bos_taurus	Rh1	Chordata	Mammalia	NM_001014890_M86E	M86E
S47	483.00000	Bos_taurus	Rh1	Chordata	Mammalia	NM_001014890_E122Q	E122Q
S48	498.00000	Bos_taurus	Rh1	Chordata	Mammalia	NM_001014890_E122I	E122I
S49	499.00000	Bos_taurus	Rh1	Chordata	Mammalia	NM_001014890_E134L	E134L
S50	497.50000	Bos_taurus	Rh1	Chordata	Mammalia	NM_001014890_E134Q	E134Q
S51	501.00000	Bos_taurus	Rh1	Chordata	Mammalia	NM_001014890_R135L	R135L
S52	495.00000	Bos_taurus	Rh1	Chordata	Mammalia	NM_001014890_H211C	H211C
S53	495.50000	Bos_taurus	Rh1	Chordata	Mammalia	NM_001014890_H211F	H211F
S54	498.50000	Bos_taurus	Rh1	Chordata	Mammalia	NM_001014890_E122I_D83G	E122I, D83G
S55	493.00000	Bos_taurus	Rh1	Chordata	Mammalia	NM_001014890_E122I_M86E	E122I, M86E
S56	499.50000	Bos_taurus	Rh1	Chordata	Mammalia	NM_001014890_E134L_R135L	E134L, R135L
S57	498.00000	Bos_taurus	Rh1	Chordata	Mammalia	NM_001014890_E134R_R135E	E134R, R135E
S58	500.00000	Bos_taurus	Rh1	Chordata	Mammalia	NM_001014890_T97S	T97S
S59	500.00000	Bos_taurus	Rh1	Chordata	Mammalia	NM_001014890_F116S	F116S
S60	493.00000	Bos_taurus	Rh1	Chordata	Mammalia	NM_001014890_E122M	E122M
S61	500.00000	Bos_taurus	Rh1	Chordata	Mammalia	NM_001014890_A164G	A164G
S62	500.00000	Cyprichromis_leptosoma	Rh1	Chordata	Actinopteri	AB458118.1	
S63	491.00000	Paracyprichromis_brieni	Rh1	Chordata	Actinopteri	AB458120.1	
S64	497.00000	Xenotilapia_papilio	Rh1	Chordata	Actinopteri	AB457996.1	
S65	494.00000	Paracyprichromis_brieni	Rh1	Chordata	Actinopteri	AB458121.1	
S66	493.00000	Neolamprologus_ventralis	Rh1	Chordata	Actinopteri	AB458138.1	
S67	492.00000	Paracyprichromis_nigripinnis	Rh1	Chordata	Actinopteri	AB458122.1	
S68	489.00000	Cyprichromis_pavo	Rh1	Chordata	Actinopteri	AB458119.1	
S69	498.00000	Cyphotilapia_frontosa	Rh1	Chordata	Actinopteri	AB084929_S292A	S292A
S70	500.00000	Trematocara_macrostoma	Rh1	Chordata	Actinopteri	AB084945_S292A	S292A
S71	491.00000	Oreochromis_niloticus	Rh1	Chordata	Actinopteri	AB084938_A292S	A292S
S72	500.00000	Baileychromis_centropomoides	Rh1	Chordata	Actinopteri	AB185217_N83D	N83D
S73	503.00000	Pallidochromis_tokolosh	Rh1	Chordata	Actinopteri	AB185229_N83D	N83D
S74	502.00000	Diplotaxodon_macrops	Rh1	Chordata	Actinopteri	AB185220_N83D	N83D
S75	494.00000	Limnochromis_staneri	Rh1	Chordata	Actinopteri	AB185225_D83N	D83N
S76	501.00000	Rod_ancestor_pigmenta	Rh1	Chordata	na	pigmenta	
S77	501.00000	Rod_ancestor_pigmentb	Rh1	Chordata	na	pigmentb	
S78	501.00000	Rod_ancestor_pigmentc	Rh1	Chordata	na	pigmentc	
S79	501.00000	Rod_ancestor_pigmentd	Rh1	Chordata	na	pigmentd	
S80	482.00000	Rod_ancestor_pigmente	Rh1	Chordata	na	pigmente	
S81	502.00000	Rod_ancestor_pigmentf	Rh1	Chordata	na	pigmentf	
S82	501.00000	Rod_ancestor_pigmentg	Rh1	Chordata	na	pigmentg	
S83	502.00000	Rod_ancestor_pigmenth	Rh1	Chordata	na	pigmenth	
S84	496.00000	Rod_ancestor_pigmenti	Rh1	Chordata	na	pigmenti	
S85	485.00000	Rod_ancestor_pigmentj	Rh1	Chordata	na	pigmentj	
S86	486.00000	Rod_ancestor_pigmenti	Rh1	Chordata	na	pigmentk	
S87	486.00000	Conger_myriaster	Rh1	Chordata	Actinopteri	AB043817.1	
S88	485.00000	Latimeria_chalumnae	Rh1	Chordata		AH007712.2	
S89	496.00000	Loxodonta_africana	Rh1	Chordata	Mammalia	AY686752.1	
S90	483.00000	Sebastolobus_altivelis	Rh1	Chordata	Actinopteri	DQ490124	
S91	526.00000	Aristostomias_scintillans	Rh1	Chordata	Actinopteri	EU407248.1	
S92	489.00000	Chauliodus_macouni	Rh1	Chordata	Actinopteri	EU407250.1	
S93	492.00000	Stenobrachius_leucopsarus	Rh1	Chordata	Actinopteri	EU407251.1	
S94	507.00000	Lepidopus_fitchi	Rh1	Chordata	Actinopteri	EU407252.1	
S95	486.00000	Lepidopus_fitchi	Rh1	Chordata	Actinopteri	EU407253.1	
S96	491.00000	Anolis_carolinensis	Rh1	Chordata	Lepidosauria	L31503	
S97	479.00000	Anguilla_japonica	Rh1	Chordata	Actinopteri	LC464070.1	
S98	504.00000	Astyanax_mexicanus	Rh1	Chordata	Actinopteri	U12328.1	
S99	489.00000	Rod_ancestor_pigmentc_A292S	Rh1	Chordata	na	pigmentc_A292S	A292S
S100	502.00000	Rod_ancestor_pigmentd_A292S	Rh1	Chordata	na	pigmentd_A292S	A292S
S101	491.00000	Rod_ancestor_pigmentg_A292S	Rh1	Chordata	na	pigmentg_A292S	A292S
S102	498.00000	Rod_ancestor_pigmenta_D83N	Rh1	Chordata	na	pigmenta_D83N	D83N
S103	479.00000	Rod_ancestor_pigmente_D83N	Rh1	Chordata	na	pigmente_D83N	D83N
S104	488.00000	Rod_ancestor_pigmenta_D83N_A292S	Rh1	Chordata	na	pigmenta_D83N_A292S	D83N, A292S
S105	486.00000	Rod_ancestor_pigmentg_D83N_A292S	Rh1	Chordata	na	pigmentg_D83N_A292S	D83N, A292S
S106	482.00000	Rod_ancestor_pigmenth_D83N_A292S	Rh1	Chordata	na	pigmenth_D83N_A292S	D83N, A292S
S107	482.00000	Rod_ancestor_pigmenti_D83N_A292S	Rh1	Chordata	na	pigmenti_D83N_A292S	D83N, A292S
S108	497.00000	Rod_ancestor_pigmenta_D83N_I214T	Rh1	Chordata	na	pigmenta_D83N_I214T	D83N, I214T
S109	526.00000	Rod_ancestor_pigmentf_D83N_M183F_M253L_F261Y_T289G_A292I_M317I	Rh1	Chordata	na	pigmentf_D83N_M183F_M253L_F261Y_T289G_A292I_M317I	D83N, M183F, M253L, F261Y, T289G, A292I, M317I
S110	501.00000	Rod_ancestor_pigmentb_E122I	Rh1	Chordata	na	pigmentb_E122I	E122I
S111	507.00000	Rod_ancestor_pigmentb_E122I_F261Y	Rh1	Chordata	na	pigmentb_E122I_F261Y	E122I, F261Y
S112	484.00000	Rod_ancestor_pigmentf_E122M_A292S	Rh1	Chordata	na	pigmentf_E122M_A292S	E122M, A292S
S113	504.00000	Rod_ancestor_pigmentf_E122M_F261Y	Rh1	Chordata	na	pigmentf_E122M_F261Y	E122M, F261Y
S114	490.00000	Rod_ancestor_pigmentf_E122M_F261Y_A292S	Rh1	Chordata	na	pigmentf_E122M_F261Y_A292S	E122M, F261Y, A292S
S115	489.00000	Rod_ancestor_pigmentf_E122Q	Rh1	Chordata	na	pigmentf_E122Q	E122Q
S116	478.00000	Rod_ancestor_pigmenta_E122Q_A292S	Rh1	Chordata	na	pigmenta_E122Q_A292S	E122Q, A292S
S117	511.00000	Rod_ancestor_pigmentb_F261Y	Rh1	Chordata	na	pigmentb_F261Y	F261Y
S118	503.00000	Rod_ancestor_pigmenti_F261Y	Rh1	Chordata	na	pigmenti_F261Y	F261Y
S119	488.00000	Rod_ancestor_pigmentd_N195A_A292S	Rh1	Chordata	na	pigmentd_N195A_A292S	N195A, A292S
S120	488.00000	Rod_ancestor_pigmentd_P194R_A292S	Rh1	Chordata	na	pigmentd_P194R_A292S	P194R, A292S
S121	501.00000	Rod_ancestor_pigmentd_P194R_N195A	Rh1	Chordata	na	pigmentd_P194R_N195A	P194R, N195A
S122	488.00000	Rod_ancestor_pigmentd_P194R_N195A_A292S	Rh1	Chordata	na	pigmentd_P194R_N195A_A292S	P194R, N195A, A292S
S123	494.00000	Rod_ancestor_pigmenth_Y96V_Y102F	Rh1	Chordata	na	pigmenth_Y96V_Y102F	Y96V, Y102F
S124	491.00000	Sebastolobus_altivelis	Rh1	Chordata	Actinopteri	DQ490124_N83D	N83D
S125	492.00000	Chauliodus_macouni	Rh1	Chordata	Actinopteri	EU407250.1_N83D	N83D
S126	490.00000	Lepidopus_fitchi	Rh1	Chordata	Actinopteri	EU407253.1_N83D	N83D
S127	501.00000	Sebastolobus_altivelis	Rh1	Chordata	Actinopteri	DQ490124_N83D_S292A	N83D, S292A
S128	504.00000	Chauliodus_macouni	Rh1	Chordata	Actinopteri	EU407250.1_N83D_S292A	N83D, S292A
S129	495.00000	Lepidopus_fitchi	Rh1	Chordata	Actinopteri	EU407253.1_N83D_S292A	N83D, S292A
S130	499.00000	Stenobrachius_leucopsarus	Rh1	Chordata	Actinopteri	EU407251_Q122E	Q122E
S131	498.00000	Conger_myriaster	Rh1	Chordata	Actinopteri	AB043817.1_S292A	S292A
S132	494.00000	Sebastolobus_altivelis	Rh1	Chordata	Actinopteri	DQ490124_S292A	S292A
S133	501.00000	Chauliodus_macouni	Rh1	Chordata	Actinopteri	EU407250.1_S292A	S292A
S134	490.00000	Lepidopus_fitchi	Rh1	Chordata	Actinopteri	EU407253.1_S292A	S292A
S135	502.00000	Lepidopus_fitchi	Rh1	Chordata	Actinopteri	EU407252.1_Y261F	Y261F
S136	483.00000	Sebastolobus_altivelis	Rh1	Chordata	Actinopteri	DQ490124.1	
S137	489.00000	Tursiops_truncatus	Rh1	Chordata	Mammalia	NM_001280659.1	
S138	489.00000	Bos_taurus	Rh1	Chordata	Mammalia	NM_001014890_A292S	A292S
S139	501.00000	Bos_taurus	Rh1	Chordata	Mammalia	NM_001014890_A299S	A299S
S140	485.00000	Bos_taurus	Rh1	Chordata	Mammalia	NM_001014890_D83N_A292S	D83N, A292S
S141	489.00000	Bos_taurus	Rh1	Chordata	Mammalia	NM_001014890_D83N_A292S_A299S	D83N, A292S, A299S
S142	492.00000	Bos,Sebastolobus_taurus,altivelis	Rh1	Chordata	Mammalia	DQ490124.1_1_277-NM_001014890_278_348	
S143	501.00000	Bos,Sebastolobus_taurus,altivelis	Rh1	Chordata	Mammalia	NM_001014890_1_277-DQ490124.1[S292A]_278_306-NM_001014890_307_348	S292A
S144	499.00000	Bos,Sebastolobus_taurus,altivelis	Rh1	Chordata	Mammalia	NM_001014890_1_306-DQ490124.1_307_348	
S145	494.00000	Bos,Sebastolobus_taurus,altivelis	Rh1	Chordata	Mammalia	DQ490124.1[S292A]_1_306-NM_001014890_307_348	S292A
S146	491.00000	Bos,Sebastolobus_taurus,altivelis	Rh1	Chordata	Mammalia	DQ490124.1_1_277-NM_001014890_278_306-DQ490124.1_307_348	
S147	501.00000	Bos,Sebastolobus_taurus,altivelis	Rh1	Chordata	Mammalia	NM_001014890_1_277-DQ490124.1[S292A]_278_348	S292A
S148	482.00000	Bos,Sebastolobus_taurus,altivelis	Rh1	Chordata	Mammalia	DQ490124.1_1_277-NM_001014890[A292S]_278_348	A292S
S149	494.00000	Sebastolobus_altivelis	Rh1	Chordata	Actinopteri	DQ490124.1_S292A	S292A
S150	488.00000	Bos,Sebastolobus_taurus,altivelis	Rh1	Chordata	Mammalia	NM_001014890_1_277-DQ490124.1_278_306-NM_001014890_307_348	
S151	488.00000	Bos,Sebastolobus_taurus,altivelis	Rh1	Chordata	Mammalia	NM_001014890[A292S]_1_306-DQ490124.1_307_348	A292S
S152	482.00000	Bos,Sebastolobus_taurus,altivelis	Rh1	Chordata	Mammalia	DQ490124.1_1_306-NM_001014890_307_348	
S153	482.00000	Bos,Sebastolobus_taurus,altivelis	Rh1	Chordata	Mammalia	DQ490124.1_1_277-NM_001014890[A292S]_278_306-DQ490124.1_307_348	A292
S154	490.00000	Bos,Sebastolobus_taurus,altivelis	Rh1	Chordata	Mammalia	NM_001014890_1_277-DQ490124.1_278_348	
S155	467.00000	Gekko_gekko	Rh2	Chordata	Lepidosauria	M92035	
S156	496.00000	Anolis_carolinensis	Rh2	Chordata	Lepidosauria	NM_001291394.1_F49A	F49A
S157	496.00000	Anolis_carolinensis	Rh2	Chordata	Lepidosauria	NM_001291394.1_L52M	L52M
S158	492.00000	Anolis_carolinensis	Rh2	Chordata	Lepidosauria	NM_001291394.1_F49A_L52M	F49A, L52M
S159	496.00000	Anolis_carolinensis	Rh2	Chordata	Lepidosauria	NM_001291394.1_D83N	D83N
S160	488.00000	Anolis_carolinensis	Rh2	Chordata	Lepidosauria	NM_001291394.1_T97A	T97A
S161	481.00000	Anolis_carolinensis	Rh2	Chordata	Lepidosauria	NM_001291394.1_D83N_M86T_T97A	D83N, M86T, T97A
S162	495.00000	Anolis_carolinensis	Rh2	Chordata	Lepidosauria	NM_001291394.1_S164A	S164A
S163	512.00000	Anolis_carolinensis	Rh2	Chordata	Lepidosauria	NM_001291394.1_Q122E	Q122E
S164	511.00000	Anolis_carolinensis	Rh2	Chordata	Lepidosauria	NM_001291394.1_F49S_Q122E_S164A	F49S, Q122E, S164A
S165	467.00000	Gekko_gekko	Rh2	Chordata	Lepidosauria	M92035_A164S	A164S
S166	480.00000	Gekko_gekko	Rh2	Chordata	Lepidosauria	M92035_Q122E	Q122E
S167	452.00000	Oryzias_latipes	Rh2	Chordata	Actinopteri	AB223053.1	
S168	459.00000	Oryzias_latipes	Rh2	Chordata	Actinopteri	AB223053.1_S292A	S292A
S169	469.00000	Oryzias_latipes	Rh2	Chordata	Actinopteri	AB223053.1_Q122E_S292A	Q122E, S292A
S170	496.00000	Anolis_carolinensis	Rh2	Chordata	Lepidosauria	NM_001291394.1	
S171	491.00000	Gekko,Anolis_gekko,carolinensis	Rh2	Chordata	Lepidosauria	AH007735.2_1_33-M92035.1_34_64-AH007735.2_65_348	
S172	482.00000	Gekko,Anolis_gekko,carolinensis	Rh2	Chordata	Lepidosauria	AH007735.2_1_70-M92035.1_71_100-AH007735.2_101_348	
S173	492.00000	Gekko,Anolis_gekko,carolinensis	Rh2	Chordata	Lepidosauria	AH007735.2_1_105-M92035.1_106_139-AH007735.2_140_149-M92035.1_150_172-AH007735.2_173_348	
S174	494.00000	Gekko,Anolis_gekko,carolinensis	Rh2	Chordata	Lepidosauria	AH007735.2_1_199-M92035.1_200_225-AH007735.2_226_348	
S175	493.00000	Gekko,Anolis_gekko,carolinensis	Rh2	Chordata	Lepidosauria	AH007735.2_1_243-M92035.1_244_273-AH007735.2_274_348	
S176	492.00000	Gekko,Anolis_gekko,carolinensis	Rh2	Chordata	Lepidosauria	AH007735.2_1_284-M92035.1_285_309-AH007735.2_310_348	
S177	471.00000	Gekko,Anolis_gekko,carolinensis	Rh2	Chordata	Lepidosauria	AH007735.2_1_33-M92035.1_34_64-AH007735.2_65_70-M92035.1_71_100-AH007735.2_101_105-M92035.1_106_139-AH007735.2_140-149-M92035.1_150_172-AH007735.2_173_348	
S178	489.00000	Gekko,Anolis_gekko,carolinensis	Rh2	Chordata	Lepidosauria	AH007735.2_1_199-M92035.1_200_225-AH007735.2_226_243-M92035.1_244_273-AH007735.2_274_284-M92035.1_285_309-AH007735.2_310_348	
S179	467.00000	Danio_rerio	Rh2	Chordata	Actinopteri	AB087805.2	
S180	476.00000	Danio_rerio	Rh2	Chordata	Actinopteri	AB087806.2	
S181	488.00000	Danio_rerio	Rh2	Chordata	Actinopteri	AB087807.1	
S182	505.00000	Danio_rerio	Rh2	Chordata	Actinopteri	AB087808.2	
S183	464.00000	Danio_rerio	Rh2	Chordata	Actinopteri	AB087805.2_K36Q	K36Q
S184	464.00000	Danio_rerio	Rh2	Chordata	Actinopteri	AB087805.2_L46F	L46F
S185	463.00000	Danio_rerio	Rh2	Chordata	Actinopteri	AB087805.2_I49C	I49C
S186	465.00000	Danio_rerio	Rh2	Chordata	Actinopteri	AB087805.2_V60L	V60L
S187	467.00000	Danio_rerio	Rh2	Chordata	Actinopteri	AB087805.2_S94T	S94T
S188	465.00000	Danio_rerio	Rh2	Chordata	Actinopteri	AB087805.2_L108T	L108T
S189	468.00000	Danio_rerio	Rh2	Chordata	Actinopteri	AB087805.2_V111A	V111A
S190	466.00000	Danio_rerio	Rh2	Chordata	Actinopteri	AB087805.2_M112I	M112I
S191	470.00000	Danio_rerio	Rh2	Chordata	Actinopteri	AB087805.2_V111A_M112I	V111A, M112I
S192	471.00000	Danio_rerio	Rh2	Chordata	Actinopteri	AB087805.2_S94T_V111A_M112I	S94T, V111A, M112I
S193	472.00000	Danio_rerio	Rh2	Chordata	Actinopteri	AB087805.2_L46F_I49C_S94T_V111A_M112I	L46F, I49C, S94T, V111A, M112I
S194	501.00000	Petromyzon_marinus	Rh1	Chordata	Hyperoartia	AH005459.2	
S195	499.00000	Bos_taurus	Rh1	Chordata	Mammalia	NM_001014890_E181A	E181A
S196	500.00000	Bos_taurus	Rh1	Chordata	Mammalia	NM_001014890_E181N	E181N
S197	497.00000	Bos_taurus	Rh1	Chordata	Mammalia	NM_001014890_E181D	E181D
S198	499.00000	Bos_taurus	Rh1	Chordata	Mammalia	NM_001014890_E181C	E181C
S199	508.00000	Bos_taurus	Rh1	Chordata	Mammalia	NM_001014890_E181Q	E181Q
S200	500.00000	Bos_taurus	Rh1	Chordata	Mammalia	NM_001014890_E181G	E181G
S201	497.00000	Bos_taurus	Rh1	Chordata	Mammalia	NM_001014890_E181H	E181H
S202	501.00000	Bos_taurus	Rh1	Chordata	Mammalia	NM_001014890_E181I	E181I
S203	502.00000	Bos_taurus	Rh1	Chordata	Mammalia	NM_001014890_E181L	E181L
S204	500.00000	Bos_taurus	Rh1	Chordata	Mammalia	NM_001014890_E181M	E181M
S205	501.00000	Bos_taurus	Rh1	Chordata	Mammalia	NM_001014890_E181F	E181F
S206	500.00000	Bos_taurus	Rh1	Chordata	Mammalia	NM_001014890_E181S	E181S
S207	502.00000	Bos_taurus	Rh1	Chordata	Mammalia	NM_001014890_E181T	E181T
S208	502.00000	Bos_taurus	Rh1	Chordata	Mammalia	NM_001014890_E181W	E181W
S209	501.00000	Bos_taurus	Rh1	Chordata	Mammalia	NM_001014890_E181Y	E181Y
S210	498.00000	Bos_taurus	Rh1	Chordata	Mammalia	NM_001014890_E181V	E181V
S211	499.00000	Bos_taurus	Rh1	Chordata	Mammalia	NM_001014890_E113Q	E113Q
S212	500.00000	Bos_taurus	Rh1	Chordata	Mammalia	NM_001014890_E113Q_E181D	E113Q, E181D
S213	489.00000	Delphinus_delphis	Rh1	Chordata	Mammalia	AF055314	
S214	488.00000	Globicephala_melas	Rh1	Chordata	Mammalia	AF055315	
S215	484.00000	Mesoplodon_bidens	Rh1	Chordata	Mammalia	AF055316	
S216	501.00000	Phoca_vitulina	Rh1	Chordata	Mammalia	AF055317	
S217	498.00000	Phoca_groenlandicus	Rh1	Chordata	Mammalia	AF055318	
S218	502.00000	Trichechus_manatus	Rh1	Chordata	Mammalia	AF055319	
S219	502.00000	Bos_taurus	Rh1	Chordata	Mammalia	NM_001014890.2_A164S	A164S
S220	510.00000	Bos_taurus	Rh1	Chordata	Mammalia	NM_001014890.2_F261Y	F261Y
S221	514.00000	Bos_taurus	Rh1	Chordata	Mammalia	NM_001014890.2_A269T	A269T
S222	520.00000	Bos_taurus	Rh1	Chordata	Mammalia	NM_001014890.2_F261Y_A269T	F261Y, A269T
S223	512.00000	Bos_taurus	Rh1	Chordata	Mammalia	NM_001014890.2_A164S_F261Y	A164S, F216Y
S224	514.00000	Bos_taurus	Rh1	Chordata	Mammalia	NM_001014890.2_A164S_A269T	A164S, A269T
S225	492.00000	Carassius_auratus	Rh1	Chordata	Actinopteri	L11863.1	
S226	505.00000	Gambusia_holbrooki	Rh1	Chordata	Actinopteri	Y11146.1	
S227	502.00000	Xenopus_laevis	Rh1	Chordata	Amphibia	L07770.1	
S228	502.00000	Lithobates_pipiens	Rh1	Chordata	Amphibia	S49004	
S229	500.00000	Lithobates_catesbeianus	Rh1	Chordata	Amphibia	S79840	
S230	506.00000	Ambystoma_tigrinum	Rh1	Chordata	Amphibia	U36574	
S231	502.00000	Columba_livia	Rh1	Chordata	Aves	AH007730.2	
S232	502.00000	Taeniopygia_guttata	Rh1	Chordata	Aves	AF222329	
S233	503.00000	Gallus_gallus	Rh1	Chordata	Aves	D00702	
S234	511.00000	Carassius_auratus	Rh2	Chordata	Actinopteri	L11865	
S235	506.00000	Carassius_auratus	Rh2	Chordata	Actinopteri	L11866	
S236	496.00000	Anolis_carolinensis	Rh2	Chordata	Lepidosauria	AH007735.2	
S237	467.00000	Gekko_gecko	Rh2	Chordata	Lepidosauria	M92035.1	
S238	503.00000	Columba_livia	Rh2	Chordata	Aves	AH007731.2	
S239	505.00000	Taeniopygia_guttata	Rh2	Chordata	Aves	AF222330	
S240	508.00000	Gallus_gallus	Rh2	Chordata	Aves	M92038	
S241	508.00000	Phreatichthys_andruzzii	Rh1	Chordata	Actinopteri	JQ413240	
S242	505.00000	Phreatichthys_andruzzii	exoRh	Chordata	Actinopteri	GQ404491.1	
S243	502.00000	Danio_rerio	Rh1	Chordata	Actinopteri	AF109368	
S244	498.00000	Danio_rerio	exoRh	Chordata	Actinopteri	NM131212.2	
S245	500.00000	Grus_americana	Rh1	Chordata	Aves	KM508488	
S246	499.00000	Grus_americana	Rh2	Chordata	Aves	KM508489	
S247	486.00000	Scopelarchus_analis	Rh1	Chordata	Actinopteri	EF517404.1	
S248	479.00000	Scopelarchus_analis	Rh1	Chordata	Actinopteri	EF517405.1	
S249	502.00000	Otolemur_crassicaudatus	Rh1	Chordata	Mammalia	AB112591.1	
S250	452.00000	Oryzias_latipes	Rh2	Chordata	Actinopteri	AB223053	
S251	516.00000	Oryzias_latipes	Rh2	Chordata	Actinopteri	AB223054	
S252	492.00000	Oryzias_latipes	Rh2	Chordata	Actinopteri	AB223055	
S253	448.00000	Oryzias_latipes	Rh2	Chordata	Actinopteri	CP020669.1_(400681-404250)	
S254	516.00000	Oryzias_latipes	Rh2	Chordata	Actinopteri	CP020669.1_(390932-392688)	
S255	494.00000	Oryzias_latipes	Rh2	Chordata	Actinopteri	CP020669.1_(376983-378663)	
S256	447.00000	Oryzias_luzonensis	Rh2	Chordata	Actinopteri	LC260048	
S257	517.00000	Oryzias_luzonensis	Rh2	Chordata	Actinopteri	LC260049	
S258	486.00000	Oryzias_luzonensis	Rh2	Chordata	Actinopteri	LC260050	
S259	469.00000	Oryzias_celebensis	Rh2	Chordata	Actinopteri	LC260051	
S260	516.00000	Oryzias_celebensis	Rh2	Chordata	Actinopteri	LC260052	
S261	491.00000	Oryzias_celebensis	Rh2	Chordata	Actinopteri	LC260053	
S262	460.00000	Oryzias_melastigma	Rh2	Chordata	Actinopteri	LC260054	
S263	519.00000	Oryzias_melastigma	Rh2	Chordata	Actinopteri	LC260055	
S264	491.00000	Oryzias_melastigma	Rh2	Chordata	Actinopteri	LC260056	
S265	462.00000	Oryzias_minutillus	Rh2	Chordata	Actinopteri	LC260057	
S266	517.00000	Oryzias_minutillus	Rh2	Chordata	Actinopteri	LC260058	
S267	493.00000	Oryzias_minutillus	Rh2	Chordata	Actinopteri	LC260059	
S268	493.00000	Oryzias_latipes	Rh2	Chordata	Actinopteri	AB223054_I95L_T96N_E122Q_V123I_I205M_V209C_F213C_G269A	I95L,T96N,E122Q,V123I,I205M,V209C,F213C,G269A
S269	516.00000	Oryzias_latipes	Rh2	Chordata	Actinopteri	AB223055_L95I_N96T_Q122E_I123V_M205I_C209V_C213F_A269G	L95I,N96T,Q122E,I123V,M205I,C209V,C213F,A269G
S270	508.00000	Oryzias_latipes	Rh2	Chordata	Actinopteri	AB223055_Q122E	Q122E
S271	512.00000	Oryzias_latipes	Rh2	Chordata	Actinopteri	AB223055_N96T_Q122E	N96T,Q122E
S272	508.00000	Oryzias_latipes	Rh2	Chordata	Actinopteri	AB223055_Q122E_I123V	Q122E,I123V
S273	508.00000	Oryzias_latipes	Rh2	Chordata	Actinopteri	AB223055_Q122E_M205I	Q122E,M205I
S274	510.00000	Oryzias_latipes	Rh2	Chordata	Actinopteri	AB223055_Q122E_C209V	Q122E,C209V
S275	508.00000	Oryzias_latipes	Rh2	Chordata	Actinopteri	AB223055_Q122E_C213F	Q122E,C213F
S276	508.00000	Oryzias_latipes	Rh2	Chordata	Actinopteri	AB223055_Q122E_A269G	Q122E,A270G
S277	516.00000	Oryzias_latipes	Rh2	Chordata	Actinopteri	AB223055_L95I_N96T_Q122E_M205I_C209V_C213F_A269G	L95I,N96T,Q122E,M205I,C209V,C213F,A269G
S278	515.00000	Oryzias_latipes	Rh2	Chordata	Actinopteri	AB223055_N96T_Q122E_M205I_C209V_C213F_A269G	N96T,Q122E,M205I,C209V,C213F,A269G
S279	514.00000	Oryzias_latipes	Rh2	Chordata	Actinopteri	AB223055_L95I_Q122E_M205I_C209V_C213F_A269G	L95I,Q122E,M205I,C209V,C213F,A269G
S280	516.00000	Oryzias_latipes	Rh2	Chordata	Actinopteri	AB223055_L95I_N96T_Q122E_C209V_C213F_A269G	L95I,N96T,Q122E,C209V,C213F,A269G
S281	515.00000	Oryzias_latipes	Rh2	Chordata	Actinopteri	AB223055_L95I_N96T_Q122E_M205I_C209V_A269G	L95I,N96T,Q122E,M205I,C209V,A269G
S282	516.00000	Oryzias_latipes	Rh2	Chordata	Actinopteri	AB223055_L95I_N96T_Q122E_M205I_C209V_C213F	L95I,N96T,Q122E,M205I,C209V,C213F
S283	516.00000	Oryzias_latipes	Rh2	Chordata	Actinopteri	AB223055_L95I_N96T_Q122E_I123V_C209V_C213F_A269G	L95I,N96T,Q122E,I123V,C209V,C213F,A269G
S284	514.00000	Oryzias_latipes	Rh2	Chordata	Actinopteri	AB223055_N96T_Q122E_C209V_C213F_A269G	N96T,Q122E,C209V,C213F,A269G
S285	513.00000	Oryzias_latipes	Rh2	Chordata	Actinopteri	AB223055_L95I_N96T_Q122E_C213F_A269G	L95I,N96T,Q122E,C213F,A269G
S286	514.00000	Oryzias_latipes	Rh2	Chordata	Actinopteri	AB223055_L95I_N96T_Q122E_C209V_A269G	L95I,N96T,Q122E,C209V,A269G
S287	515.00000	Oryzias_latipes	Rh2	Chordata	Actinopteri	AB223055_L95I_N96T_Q122E_C209V_C213F	L95I,N96T,Q122E,C209V,C213F
S288	469.00000	Oryzias_latipes	Rh2	Chordata	Actinopteri	AB223053_Y24F_I42L_C94T_V100M_L108I_L119I_S202T_F203Y_F255I_L309M	Y24F,I42L,C94T,V100M,L108I,L119I,S202T,F203Y,F255I,L309M
S289	454.00000	Oryzias_latipes	Rh2	Chordata	Actinopteri	AB223053_Y24F_I42L_L108I_L119I_S202T_L309M	Y24F,I42L,L108I,L119I,S202T,L309M
S290	463.00000	Oryzias_celebensis	Rh2	Chordata	Actinopteri	LC260051_Y198F_R248K	Y198F,R248K
S291	462.00000	Oryzias_melastigma	Rh2	Chordata	Actinopteri	LC260054_E33D_I130V_F203Y	E33D,I130V,F203Y
S292	487.00000	Bos_taurus	Rh1	Chordata	Mammalia	NM_001014890.2_G90S	G90S
S293	484.00000	Bos_taurus	Rh1	Chordata	Mammalia	NM_001014890.2_T118A	T118A
S294	477.00000	Bos_taurus	Rh1	Chordata	Mammalia	NM_001014890.2_E122D	E122D
S295	498.00000	Bos_taurus	Rh1	Chordata	Mammalia	NM_001014890.2_A295S	A295S
S296	453.00000	Bos_taurus	Rh1	Chordata	Mammalia	NM_001014890.2_T118A_E122D_A292S	T118A,E122D,A292S
S297	467.00000	Danio_rerio	Rh2	Chordata	Actinopteri	NM_131253.2	
S298	476.00000	Danio_rerio	Rh2	Chordata	Actinopteri	NM_182891.2	
S299	488.00000	Danio_rerio	Rh2	Chordata	Actinopteri	NM_182892.2	
S300	505.00000	Danio_rerio	Rh2	Chordata	Actinopteri	NM_131254.1	
S301	528.00000	Metriaclima_zebra	Rh2	Chordata	Actinopteri	DQ088651	
S302	519.00000	Metriaclima_zebra	Rh2	Chordata	Actinopteri	DQ088650	
S303	484.00000	Metriaclima_zebra	Rh2	Chordata	Actinopteri	DQ088652	
S304	511.00000	Carassius_auratus	Rh2	Chordata	Actinopteri	L11865.1	
S305	506.00000	Carassius_auratus	Rh2	Chordata	Actinopteri	L11866.1	
S306	507.00000	Gallus_gallus	Rh1	Chordata	Aves	NM_001397497.1	
S307	508.00000	Gallus_gallus	Rh1	Chordata	Aves	NM_001397497.1_Q64K	Q64K
S308	491.00000	Gallus_gallus	Rh1	Chordata	Aves	NM_001397497.1_E122Q_Q64K_E150A	E122Q, Q64K, E150A
S309	504.00000	Gallus_gallus	Rh1	Chordata	Aves	NM_001397497.1_E150A	E150A
S310	486.00000	Gallus_gallus	Rh1	Chordata	Aves	NM_001397497.1_E122Q	E122Q
S311	504.00000	Gallus_gallus	Rh1	Chordata	Aves	NM_001397497.1_E122I	E122I
S312	487.00000	Gallus_gallus	Rh1	Chordata	Aves	NM_001397497.1_E122D	E122D
S313	511.00000	Gallus_gallus	Rh2	Chordata	Aves	NM_205490.1	
S314	525.00000	Gallus_gallus	Rh2	Chordata	Aves	NM_205490.1_Q122E	Q122E
S315	508.00000	Archosaur_sp.	Rh1	Chordata		AF310191.1	
S316	508.00000	Archosaur_sp.	Rh1	Chordata		AF310191.1_T213I	T213I
S317	508.00000	Archosaur_sp.	Rh1	Chordata		AF310191.1_T217A	T217A,
S318	508.00000	Archosaur_sp.	Rh1	Chordata		AF310191.1_V218I	V218I
S319	509.00000	Archosaur_sp.	Rh1	Chordata		AF310191.1_T213I_T217A_V218I	T213I, T217A, V218I
S320	503.00000	AncAgnatha_sp.	Rh2	Chordata		AncAgnatha	
S321	488.00000	AncActino_sp.	Rh2	Chordata		AncActino	
S322	491.00000	AncTeleost_sp.	Rh2	Chordata		AncTeleost	
S323	491.00000	AncClupeoc_sp.	Rh2	Chordata		AncClupeoc	
S324	489.00000	AncCyprin1_sp.	Rh2	Chordata		AncCyprin1	
S325	505.00000	AncCyprin2_sp.	Rh2	Chordata		AncCyprin2	
S326	488.00000	AncEutelo1_sp.	Rh2	Chordata		AncEutelo1	
S327	489.00000	AncEutelo2_sp.	Rh2	Chordata		AncEutelo2	
S328	474.00000	AncEutelo3_sp.	Rh2	Chordata		AncEutelo3	
S329	524.00000	AncEutelo4_sp.	Rh2	Chordata		AncEutelo4	
S330	488.00000	AncTetrapo_sp.	Rh2	Chordata		AncTetrapo	
S331	499.00000	AncSaurops_sp.	Rh2	Chordata		AncSaurops	
S332	497.00000	AncSquamat_sp.	Rh2	Chordata		AncSquamat	
S333	491.50000	Bos_taurus	Rh1	Chordata	Mammalia	NM_001014890.2_D83N	D83N
S334	500.00000	Lethenteron_camtschaticum	Rh1	Chordata	Hyperoartia	M63632.1	
S335	478.00000	Latimeria_chalumnae	Rh2	Chordata		AH007713.2	
S336	495.00000	Latimeria_chalumnae	Rh1	Chordata		AH007712.2_Q122E	Q122E
S337	493.00000	Latimeria_chalumnae	Rh1	Chordata		AH007712.2_S292A	S292A
S338	511.00000	Latimeria_chalumnae	Rh1	Chordata		AH007712.2_Q122E_S292A	Q122E, S292A
S339	491.00000	Latimeria_chalumnae	Rh2	Chordata		AH007713.2_Q122E	Q122E
S340	484.00000	Latimeria_chalumnae	Rh2	Chordata		AH007713.2_L207M	L207M
S341	499.00000	Latimeria_chalumnae	Rh2	Chordata		AH007713.2_Q122E_L207M	Q122E, L207M
S342	498.00000	Loxodonta_africana	Rh1	Chordata	Mammalia	AY686752.1_N83D	N83D
S343	501.70000	Bos_taurus	Rh1	Chordata	Mammalia	NM_001014890.2_T160A	T160A
S344	499.00000	Bos_taurus	Rh1	Chordata	Mammalia	NM_001014890.2_I259M	I259M
S345	500.00000	Bos_taurus	Rh1	Chordata	Mammalia	NM_001014890_H195T	H195T
S346	499.00000	Bos_taurus	Rh1	Chordata	Mammalia	NM_001014890_H195S	H195S
S347	482.00000	Physeter_catodon	Rh1	Chordata	Mammalia	XM_007126220	
S348	482.00000	Physeter_catodon	Rh1	Chordata	Mammalia	XM_007126220_T195H	T195H
S349	482.00000	Physeter_catodon	Rh1	Chordata	Mammalia	XM_007126220_T195K	T195K
S350	485.00000	Sinomicrurus_japonicusboettgeri	Rh1	Chordata	Lepidosauria	LC543598	
S351	482.00000	Laticauda_semifasciata	Rh1	Chordata	Lepidosauria	LC543599	
S352	494.00000	Emydocephalus_ijimae	Rh1	Chordata	Lepidosauria	LC543603	
S353	490.00000	Hydrophis_ornatus	Rh1	Chordata	Lepidosauria	LC543606	
S354	472.00000	Oreochromis_niloticus	Rh2B	Chordata		DQ235681.1	
S355	488.00000	Dissostichus_mawsoni	Rh2	Chordata		AY771352.1	
S356	497.00000	Xenopeltis_unicolor	Rh1	Chordata		FJ497233.1	
S357	486.00000	AncCetacea_sp.	Rh1	Chordata		AncCetacea	
S358	491.00000	AncCetacea_sp.	Rh1	Chordata		AncCetacea_N83D	N83D
S359	498.00000	AncCetacea_sp.	Rh1	Chordata		AncCetacea_S292A	S292A
S360	500.00000	AncCetacea_sp.	Rh1	Chordata		AncCetacea_N83D,S292A	N83D,S292A
S361	500.00000	AncWhippomorpha_sp.	Rh1	Chordata		AncWhippomorpha	
S362	500.00000	AncWhippomorpha_sp.	Rh1	Chordata		AncWhippomorpha_V300I	V300I
S363	478.00000	Rhincodon_typus	Rh1	Chordata		XM_048606470.1	
S364	497.00000	Rhincodon_typus	Rh1	Chordata		XM_048606470.1_A94T	A94T
S365	481.00000	Rhincodon_typus	Rh1	Chordata		XM_048606470.1_F187Y	F187Y
S366	500.00000	Rhincodon_typus	Rh1	Chordata		XM_048606470.1_A94T,F187Y	A94T,F187Y
S367	478.00000	Rhincodon_typus	Rh1	Chordata		XM_048606470.1_A94I	A94I
S368	500.00000	Stegostoma_fasciatum	Rh1	Chordata		MT625929.1	
S369	478.00000	Stegostoma_fasciatum	Rh1	Chordata		MT625929.1_T94A,Y187F	T94A,Y187F
S370	481.00000	Stegostoma_fasciatum	Rh1	Chordata		MT625929.1_T94A	T94A
S371	497.00000	Stegostoma_fasciatum	Rh1	Chordata		MT625929.1_Y187F	Y187F
S372	495.00000	Bos_taurus	Rh1	Chordata		NM_001014890_F115A	F115A
S373	490.00000	Bos_taurus	Rh1	Chordata		NM_001014890_A117F	A117F
S374	476.00000	Bos_taurus	Rh1	Chordata		NM_001014890_E122D	E122D
S375	476.00000	Bos_taurus	Rh1	Chordata		NM_001014890_E122A	E122A
S376	498.00000	Bos_taurus	Rh1	Chordata		NM_001014890_W126F	W126F
S377	490.00000	Bos_taurus	Rh1	Chordata		NM_001014890_W126L	W126L
S378	486.00000	Bos_taurus	Rh1	Chordata		NM_001014890_W126A	W126A
S379	495.00000	Bos_taurus	Rh1	Chordata		NM_001014890_W161L	W161L
S380	483.00000	Bos_taurus	Rh1	Chordata		NM_001014890_W265Y	W265Y
S381	480.00000	Bos_taurus	Rh1	Chordata		NM_001014890_W265F	W265F
S382	470.00000	Bos_taurus	Rh1	Chordata		NM_001014890_W265A	W265A
S383	498.00000	Bos_taurus	Rh1	Chordata		NM_001014890_P267G	P267G
S384	500.00000	Bos_taurus	Rh1	Chordata		NM_001014890_P267A	P267A
S385	495.00000	Bos_taurus	Rh1	Chordata		NM_001014890_P267S	P267S
S386	495.00000	Bos_taurus	Rh1	Chordata		NM_001014890_P267N	P267N
S387	493.00000	Bos_taurus	Rh1	Chordata		NM_001014890_Y268F	Y268F
S388	498.00000	Bos_taurus	Rh1	Chordata		NM_001014890_Y274F	Y274F
S389	488.00000	Bos_taurus	Rh1	Chordata		NM_001014890_A292D	A292D
S390	504.00000	Diretmus_argenteus	Rh1	Chordata		Diretmus_argenteus_Rh1_Lc	
S391	449.00000	Diretmus_argenteus	Rh1	Chordata		Diretmus_argenteus_Rh1_Fb	
S392	448.00000	Diretmus_argenteus	Rh1	Chordata		Diretmus_argenteus_Rh1_D	
S393	460.00000	Diretmus_argenteus	Rh1	Chordata		Diretmus_argenteus_Rh1_C	
S394	455.00000	Diretmus_argenteus	Rh1	Chordata		Diretmus_argenteus_Rh1_B	
S395	457.00000	Diretmus_argenteus	Rh1	Chordata		Diretmus_argenteus_Rh1_A	
